period_end,accession,filing_date,release_date,release_time_et,reaction_date,eps_estimate,eps_actual,eps_surprise_pct,pr_cloud_rev_bn,pr_cloud_growth_pct,pr_cloud_prior_year_bn,pr_cloud_source,pr_iaas_rev_bn,pr_iaas_growth_pct,pr_iaas_prior_year_bn,pr_iaas_source,pr_saas_rev_bn,pr_saas_growth_pct,pr_saas_prior_year_bn,pr_saas_source,pr_parse_consistent,guid_rev_growth_lo,guid_rev_growth_hi,guid_cloud_growth_lo,guid_cloud_growth_hi,guid_eps_nongaap_lo,guid_eps_nongaap_hi,override_applied
2009-02-28,0000950134-09-005620,2009-03-18,2009-03-18,16:17,2010-01-04,0.32,0.35,10.35,,,,,,,,,,,,,,,,,,,,
2009-05-31,0000950123-09-016332,2009-06-23,2009-06-23,16:27,2010-01-04,0.44,0.46,3.73,,,,,,,,,,,,,,,,,,,,
2009-08-31,0001193125-09-192836,2009-09-16,2009-09-16,16:22,2010-01-04,0.3,0.3,-0.28,,,,,,,,,,,,,,,,,,,,
2009-11-30,0001193125-09-254883,2009-12-17,2009-12-17,16:07,2010-01-04,0.36,0.39,8.91,,,,,,,,,,,,,,,,,,,,
2010-02-28,0001193125-10-067110,2010-03-25,2010-03-25,16:15,2010-03-26,0.37,0.38,1.39,,,,,,,,,,,,,,,,,,,,
2010-05-31,0001193125-10-146039,2010-06-24,2010-06-24,16:35,2010-06-25,0.54,0.6,11.6,,,,,,,,,,,,,,,,,,,,
2010-08-31,0001193125-10-211428,2010-09-16,2010-09-16,16:14,2010-09-17,0.37,0.42,15.04,,,,,,,,,,,,,,,,,,,,
2010-11-30,0001193125-10-282428,2010-12-16,2010-12-16,16:07,2010-12-17,0.45,0.51,12.1,,,,,,,,,,,,,,,,,,,,
2011-02-28,0001193125-11-076474,2011-03-24,2011-03-24,16:08,2011-03-25,0.5,0.54,9.08,,,,,,,,,,,,,,,,,,,,
2011-05-31,0001193125-11-171863,2011-06-23,2011-06-23,16:09,2011-06-24,0.71,0.75,5.04,,,,,,,,,,,,,,,,,,,,
2011-08-31,0001193125-11-252306,2011-09-20,2011-09-20,16:06,2011-09-21,0.47,0.48,3.13,,,,,,,,,,,,,,,,,,,,
2011-11-30,0001193125-11-347232,2011-12-20,2011-12-20,16:10,2011-12-21,0.57,0.54,-5.31,,,,,,,,,,,,,,,,,,,,
2012-02-29,0001193125-12-123530,2012-03-20,2012-03-20,16:09,2012-03-21,0.56,0.62,10.36,,,,,,,,,,,,,,,,,,,,
2012-05-31,0001193125-12-274031,2012-06-18,2012-06-18,17:27,2012-06-19,0.78,0.82,4.7,,,,,,,,,,,,,,,,,,,,
2012-08-31,0001193125-12-398408,2012-09-20,2012-09-20,16:12,2012-09-21,0.53,0.53,-0.56,,,,,,,,,,,,,,,,,,,,
2012-11-30,0001193125-12-506536,2012-12-18,2012-12-18,16:09,2012-12-19,0.61,0.64,5.05,,,,,,,,,,,,,,,,,,,,
2013-02-28,0001193125-13-117200,2013-03-20,2013-03-20,16:08,2013-03-21,0.66,0.65,-1.9,,,,,,,,,,,,,,,,,,,,
2013-05-31,0001193125-13-265781,2013-06-20,2013-06-20,16:08,2013-06-21,0.88,0.87,-0.66,,,,,,,,,,,,,,,,,,,,
2013-08-31,0001193125-13-370408,2013-09-18,2013-09-18,16:11,2013-09-19,0.56,0.59,5.12,,,,,,,,,,,,,,,,,,,,
2013-11-30,0001193125-13-477656,2013-12-18,2013-12-18,16:17,2013-12-19,0.67,0.69,2.63,,,,,,,,,,,,,,,,,,,,
2014-02-28,0001193125-14-104432,2014-03-18,2014-03-18,16:48,2014-03-19,0.7,0.68,-2.95,,,,,,,,,,,,,,,,,,,,
2014-05-31,0001193125-14-242424,2014-06-19,2014-06-19,16:07,2014-06-20,0.95,0.92,-3.64,,,,,,,,,,,,,,,,,,,,
2014-08-31,0001193125-14-345688,2014-09-18,2014-09-18,16:34,2014-09-19,0.64,0.62,-2.91,,,,,,,,,,,,,,,,,,,,
2014-11-30,0001193125-14-445350,2014-12-17,2014-12-17,16:04,2014-12-18,0.68,0.69,1.05,,,,,,,,,,,,,,,,,,,,
2015-02-28,0001193125-15-095415,2015-03-17,2015-03-17,16:25,2015-03-18,0.68,0.68,-0.22,,,,,,,,,,,,,,,,,,,,
2015-05-31,0001193125-15-225867,2015-06-17,2015-06-17,16:08,2015-06-18,0.86,0.78,-9.79,,,,,,,,,,,,,,,,,,,,
2015-08-31,0001193125-15-321413,2015-09-16,2015-09-16,16:14,2015-09-17,0.52,0.53,1.31,,,,,,,,,,,,,,,,,,,,
2015-11-30,0001193125-15-404914,2015-12-16,2015-12-16,16:37,2015-12-17,0.6,0.63,4.98,,,,,,,,,,,,,,,,,,,,
2016-02-29,0001193125-16-505164,2016-03-15,2016-03-15,16:07,2016-03-16,0.62,0.64,3.25,,,,,,,,,,,,,,,,,,,,
2016-05-31,0001193125-16-623620,2016-06-16,2016-06-16,16:07,2016-06-17,0.82,0.81,-0.68,,,,,,,,,,,,,,,,,,,,
2016-08-31,0001193125-16-710982,2016-09-15,2016-09-15,16:06,2016-09-16,0.58,0.55,-5.06,,,,,,,,,,,,,,,,,,,,
2016-11-30,0001193125-16-794455,2016-12-15,2016-12-15,16:14,2016-12-16,0.6,0.61,1.74,,,,,,,,,,,,,,,,,,,,
2017-02-28,0001193125-17-083638,2017-03-15,2017-03-15,16:11,2017-03-16,0.62,0.69,11.75,,,,,,,,,,,,,,,,,,,,
2017-05-31,0001193125-17-209415,2017-06-21,2017-06-21,16:25,2017-06-22,0.78,0.89,13.58,,,,,,,,,,,,,,,,,,,,
2017-08-31,0001193125-17-285108,2017-09-14,2017-09-14,16:14,2017-09-15,0.6,0.62,2.68,,,,,,,,,,,,,,,,,,,,
2017-11-30,0001193125-17-369491,2017-12-14,2017-12-14,16:15,2017-12-15,0.68,0.7,2.67,,,,,,,,,,,,,,,,,,,,
2018-02-28,0001564590-18-006208,2018-03-19,2018-03-19,16:43,2018-03-20,0.72,0.83,14.81,,,,,,,,,,,,,,,,,,,,
2018-05-31,0001564590-18-015818,2018-06-19,2018-06-19,16:22,2018-06-20,0.94,0.99,5.14,,,,,,,,,,,,,,,,,,,,
2018-08-31,0001564590-18-023209,2018-09-17,2018-09-17,16:32,2018-09-18,0.68,0.71,3.75,,,,,,,,,,,,,,,,,,,,
2018-11-30,0001564590-18-030992,2018-12-17,2018-12-17,16:15,2018-12-18,0.78,0.8,2.36,,,,,,,,,,,,,,,,,,,,
2019-02-28,0001564590-19-007818,2019-03-14,2019-03-14,16:08,2019-03-15,0.84,0.87,3.41,,,,,,,,,,,,,,,,,,,,
2019-05-31,0001564590-19-022864,2019-06-19,2019-06-19,16:23,2019-06-20,1.07,1.16,7.98,,,,,,,,,,,,,,,,,,,,
2019-08-31,0001564590-19-034522,2019-09-11,2019-09-11,16:51,2019-09-12,0.81,0.81,0.24,,,,,,,,,,,,,,,,,,,,
2019-11-30,0001564590-19-045836,2019-12-12,2019-12-12,16:10,2019-12-13,0.89,0.9,1.51,,,,,,,,,,,,,,,,,,,,
2020-02-29,0001564590-20-010464,2020-03-12,2020-03-12,16:10,2020-03-13,0.96,0.97,1.06,,,,,,,,,,,,,,,,,,,,
2020-05-31,0001564590-20-029533,2020-06-16,2020-06-16,16:17,2020-06-17,1.15,1.2,4.16,,,,,,,,,,,,,,,,,,,,
2020-08-31,0001564590-20-043143,2020-09-10,2020-09-10,16:16,2020-09-11,0.86,0.93,7.77,,,,,,,,,,,,,,,,,,,,
2020-11-30,0001564590-20-056722,2020-12-10,2020-12-10,16:11,2020-12-11,1.0,1.06,6.13,,,,,,,,,,,,,,,,,,,,
2021-02-28,0001564590-21-012058,2021-03-10,2021-03-10,16:11,2021-03-11,1.11,1.16,4.54,,,,,,,,,,,,,,,,,,,,
2021-05-31,0001564590-21-032994,2021-06-15,2021-06-15,16:16,2021-06-16,1.33,1.54,15.62,,,,,,,,,,,,,,,,,,,,
2021-08-31,0001564590-21-047736,2021-09-13,2021-09-13,16:15,2021-09-14,0.97,1.03,6.4,,,,,,,,,,,,,,,,,,,,
2021-11-30,0001564590-21-059893,2021-12-09,2021-12-09,16:22,2021-12-10,1.11,1.21,8.53,2.7,22.0,,headline,,,,,,,,,,,,,,,,
2022-02-28,0001564590-22-009640,2022-03-10,2022-03-10,16:10,2022-03-11,1.18,1.13,-4.02,2.8,24.0,,headline,,,,,,,,,,,,,,,,
2022-05-31,0001564590-22-023099,2022-06-13,2022-06-13,16:31,2022-06-14,1.38,1.54,11.95,2.9,19.0,,headline,,,,,,,,,,,,,,,,
2022-08-31,0001564590-22-031466,2022-09-12,2022-09-12,16:11,2022-09-13,1.08,1.03,-4.22,3.6,45.0,,headline,0.9,52.0,,headline,2.7,43.0,,headline,1.0,,,,,,,
2022-11-30,0001564590-22-039236,2022-12-12,2022-12-12,16:11,2022-12-13,1.17,1.21,3.15,3.8,43.0,,headline,1.0,53.0,,headline,2.8,40.0,,headline,1.0,,,,,,,
2023-02-28,0001564590-23-003362,2023-03-09,2023-03-09,16:09,2023-03-10,1.2,1.22,1.44,4.1,45.0,,headline,1.2,55.0,,headline,2.9,42.0,,headline,1.0,,,,,,,
2023-05-31,0000950170-23-027490,2023-06-12,2023-06-12,16:16,2023-06-13,1.58,1.67,5.56,4.4,54.0,,headline,1.4,76.0,,headline,3.0,45.0,,headline,1.0,,,,,,,
2023-08-31,0000950170-23-047471,2023-09-11,2023-09-11,16:11,2023-09-12,1.15,1.19,3.46,4.6,30.0,,headline,1.5,66.0,,headline,3.1,17.0,,headline,1.0,,,,,,,
2023-11-30,0000950170-23-069410,2023-12-11,2023-12-11,16:12,2023-12-12,1.33,1.34,0.95,4.8,25.0,,headline,1.6,52.0,,headline,3.2,15.0,,headline,1.0,,,,,,,
2024-02-29,0000950170-24-029250,2024-03-11,2024-03-11,16:11,2024-03-12,1.38,1.41,2.47,5.1,25.0,,headline,1.8,49.0,,headline,3.3,14.0,,headline,1.0,,,,,,,
2024-05-31,0000950170-24-071916,2024-06-11,2024-06-11,16:15,2024-06-12,1.65,1.63,-1.14,5.3,20.0,,headline,2.0,42.0,,headline,3.3,10.0,,headline,1.0,,,,,,,
2024-08-31,0000950170-24-104753,2024-09-09,2024-09-09,16:17,2024-09-10,1.33,1.39,4.29,5.6,21.0,,headline,2.2,45.0,,headline,3.5,10.0,,headline,1.0,,,,,,,
2024-11-30,0000950170-24-134537,2024-12-09,2024-12-09,16:13,2024-12-10,1.48,1.47,-0.77,5.9,24.0,,headline,2.4,52.0,,headline,3.5,10.0,,headline,1.0,,,,,,,
2025-02-28,0000950170-25-036295,2025-03-10,2025-03-10,16:13,2025-03-11,1.49,1.47,-1.35,6.2,23.0,,headline,2.7,49.0,,headline,3.6,9.0,,headline,1.0,,,,,,,
2025-05-31,0000950170-25-084831,2025-06-11,2025-06-11,16:12,2025-06-12,1.64,1.7,3.37,6.7,27.0,,headline,3.0,52.0,,headline,3.7,12.0,,headline,1.0,,,,,,,
2025-08-31,0001193125-25-199175,2025-09-09,2025-09-09,16:13,2025-09-10,1.48,1.47,-0.62,7.186,27.796549884403344,5.623,table,3.347,55.385329619312905,2.154,table,3.839,10.665897953300663,3.469,table,1.0,,,,,,,
2025-11-30,0001193125-25-314207,2025-12-10,2025-12-10,16:14,2025-12-11,1.64,2.26,38.04,7.977,34.36078827690754,5.937,table,4.079,67.58422350041084,2.434,table,3.898,11.276049100770758,3.503,table,1.0,,,,,,,
2026-02-28,0001193125-26-100148,2026-03-10,2026-03-10,16:12,2026-03-11,1.69,1.79,5.69,8.914,43.54267310789051,6.21,table,4.888,84.31372549019606,2.652,table,4.026,13.15345699831365,3.558,table,1.0,19.0,21.0,46.0,50.0,1.96,2.0,
2026-05-31,0001193125-26-265848,2026-06-10,2026-06-10,16:13,2026-06-11,1.96,2.11,7.52,9.913,47.142645094255606,6.737,table,5.787,93.22203672787981,2.995,table,4.126,10.2618920363442,3.742,table,1.0,27.0,29.0,58.0,64.0,1.72,1.76,
2026-08-31,0001193125-26-387905,2026-09-10,2026-09-10,16:16,2026-09-11,1.74,1.92,10.45,11.607,61.52240467575842,7.186,table,7.388,120.73498655512398,3.347,table,4.219,9.898411044542854,3.839,table,1.0,30.0,34.0,65.0,71.0,1.85,1.93,
