period_end,fiscal_year,label,revenue,operating_income,net_income,eps_diluted,costs_and_expenses,sales_marketing,research_development,general_admin,restructuring,acquisition_related,amortization_intangibles_is,interest_expense,investment_income,income_tax,diluted_shares,basic_shares,ocf,capex,depreciation,sbc,dividends_paid,buybacks,cash,marketable_securities,debt_current,commercial_paper,debt_noncurrent,finance_lease_liability,operating_lease_liability,preferred_stock,minority_interest,total_assets,total_equity,current_assets,current_liabilities,receivables,payables,contract_liabilities,ppe_net,rpo,rpo_pct_next_12m
2011-05-31,2011,FY11,35622000000.0,12033000000.0,8547000000.0,1.67,23589000000.0,6579000000.0,4519000000.0,970000000.0,487000000.0,208000000.0,2428000000.0,808000000.0,163000000.0,2864000000.0,5128000000.0,5048000000.0,11214000000.0,450000000.0,368000000.0,510000000.0,1061000000.0,1160000000.0,16163000000,,1150000000.0,0.0,14772000000.0,,,0.0,469000000.0,73535000000.0,40245000000,39174000000.0,14192000000.0,6628000000.0,701000000.0,6802000000.0,2857000000.0,,
2012-05-31,2012,FY12,37121000000.0,13706000000.0,9981000000.0,1.96,23415000000.0,7127000000.0,4523000000.0,1126000000.0,295000000.0,56000000.0,2430000000.0,766000000.0,231000000.0,2981000000.0,5095000000.0,5015000000.0,13743000000.0,648000000.0,486000000.0,659000000.0,1205000000.0,5856000000.0,14955000000,,2950000000.0,0.0,13524000000.0,,,0.0,399000000.0,78327000000.0,44087000000,40023000000.0,15388000000.0,6377000000.0,438000000.0,7035000000.0,3021000000.0,,
2013-05-31,2013,FY13,37180000000.0,14684000000.0,10925000000.0,2.26,22496000000.0,7328000000.0,4850000000.0,1072000000.0,352000000.0,-604000000.0,2385000000.0,797000000.0,237000000.0,2973000000.0,4844000000.0,4769000000.0,14224000000.0,650000000.0,546000000.0,755000000.0,1433000000.0,11021000000.0,14613000000,,,0.0,18494000000.0,,,0.0,497000000.0,81812000000.0,45145000000,41692000000.0,12872000000.0,6049000000.0,419000000.0,7118000000.0,3053000000.0,,
2014-05-31,2014,FY14,38275000000.0,14759000000.0,10955000000.0,2.38,23516000000.0,7567000000.0,5151000000.0,1038000000.0,183000000.0,41000000.0,2300000000.0,914000000.0,263000000.0,2749000000.0,4604000000.0,4528000000.0,14921000000.0,580000000.0,608000000.0,805000000.0,2178000000.0,9813000000.0,17769000000,,1508000000.0,0.0,22667000000.0,,,0.0,569000000.0,90344000000.0,47447000000,48138000000.0,14389000000.0,6087000000.0,471000000.0,7269000000.0,3061000000.0,,
2015-05-31,2015,FY15,38226000000.0,13871000000.0,9938000000.0,2.21,24355000000.0,7655000000.0,5524000000.0,1077000000.0,207000000.0,211000000.0,2149000000.0,1143000000.0,349000000.0,2896000000.0,4503000000.0,4404000000.0,14336000000.0,1391000000.0,712000000.0,933000000.0,2255000000.0,8087000000.0,21716000000,,1999000000.0,0.0,39959000000.0,,,0.0,435000000.0,110903000000.0,49098000000,63183000000.0,15291000000.0,5618000000.0,806000000.0,7245000000.0,3686000000.0,,
2016-05-31,2016,FY16,37047000000.0,12604000000.0,8901000000.0,2.07,24443000000.0,7884000000.0,5787000000.0,1155000000.0,458000000.0,42000000.0,1638000000.0,1467000000.0,538000000.0,2541000000.0,4305000000.0,4221000000.0,13561000000.0,1189000000.0,871000000.0,1037000000.0,2541000000.0,10440000000.0,20152000000,,3750000000.0,0.0,40105000000.0,,,0.0,501000000.0,112180000000.0,47790000000,64313000000.0,17208000000.0,5385000000.0,504000000.0,7655000000.0,4000000000.0,,
2017-05-31,2017,FY17,37728000000.0,12710000000.0,9335000000.0,2.21,25018000000.0,8197000000.0,6159000000.0,1176000000.0,463000000.0,103000000.0,1451000000.0,1798000000.0,802000000.0,2182000000.0,4217000000.0,4115000000.0,14126000000.0,2021000000.0,1000000000.0,1350000000.0,2631000000.0,3561000000.0,21784000000,,9797000000.0,,48112000000.0,,,0.0,386000000.0,134991000000.0,54246000000,74515000000.0,24178000000.0,5300000000.0,599000000.0,8233000000.0,5315000000.0,,
2018-05-31,2018,FY18,39831000000.0,13679000000.0,3825000000.0,0.9,26152000000.0,8431000000.0,6091000000.0,1289000000.0,588000000.0,52000000.0,1620000000.0,2025000000.0,1201000000.0,9066000000.0,4238000000.0,4121000000.0,15386000000.0,1736000000.0,1165000000.0,1607000000.0,3140000000.0,11347000000.0,21620000000,45641000000.0,4491000000.0,,56128000000.0,,,0.0,498000000.0,137264000000.0,46224000000,75964000000.0,19195000000.0,5279000000.0,529000000.0,8429000000.0,5897000000.0,,
2019-05-31,2019,FY19,39506000000.0,13535000000.0,11083000000.0,2.97,25971000000.0,8509000000.0,6026000000.0,1265000000.0,443000000.0,44000000.0,1689000000.0,2082000000.0,1092000000.0,1185000000.0,3732000000.0,3634000000.0,14551000000.0,1660000000.0,1230000000.0,1653000000.0,2932000000.0,36140000000.0,20514000000,17313000000.0,4494000000.0,,51673000000.0,,,0.0,578000000.0,108709000000.0,22363000000,46386000000.0,18630000000.0,5134000000.0,580000000.0,9043000000.0,6252000000.0,36200000000.0,0.62
2020-05-31,2020,FY20,39068000000.0,13896000000.0,10135000000.0,3.08,25172000000.0,8094000000.0,6067000000.0,1181000000.0,250000000.0,56000000.0,1586000000.0,1995000000.0,527000000.0,1928000000.0,3294000000.0,3211000000.0,13139000000.0,1564000000.0,1382000000.0,1590000000.0,3070000000.0,19240000000.0,37239000000,5818000000.0,2371000000.0,,69226000000.0,,2098000000.0,0.0,643000000.0,115438000000.0,12717000000,52140000000.0,17200000000.0,5551000000.0,637000000.0,8599000000.0,6244000000.0,37000000000.0,0.62
2021-05-31,2021,FY21,40479000000.0,15213000000.0,13746000000.0,4.55,25266000000.0,7682000000.0,6527000000.0,1254000000.0,431000000.0,138000000.0,1379000000.0,2496000000.0,101000000.0,-747000000.0,3022000000.0,2945000000.0,15887000000.0,2135000000.0,1537000000.0,1837000000.0,3063000000.0,20934000000.0,30098000000,16456000000.0,8250000000.0,,75995000000.0,,2782000000.0,0.0,714000000.0,131107000000.0,5952000000,55567000000.0,24164000000.0,5409000000.0,745000000.0,9454000000.0,7049000000.0,41300000000.0,
2022-05-31,2022,FY22,42440000000.0,10926000000.0,6717000000.0,2.41,31514000000.0,8047000000.0,7219000000.0,1317000000.0,191000000.0,4713000000.0,1150000000.0,2755000000.0,94000000.0,932000000.0,2786000000.0,2700000000.0,9539000000.0,4511000000.0,1972000000.0,2613000000.0,3457000000.0,16248000000.0,21383000000,519000000.0,3749000000.0,,72110000000.0,,3658000000.0,0.0,452000000.0,109297000000.0,-5768000000,31633000000.0,19511000000.0,5953000000.0,1317000000.0,9110000000.0,9716000000.0,46600000000.0,
2023-05-31,2023,FY23,49954000000.0,13093000000.0,8503000000.0,3.07,36861000000.0,8833000000.0,8623000000.0,1579000000.0,490000000.0,190000000.0,3582000000.0,3505000000.0,285000000.0,623000000.0,2766000000.0,2696000000.0,17165000000.0,8695000000.0,2526000000.0,3547000000.0,3668000000.0,1300000000.0,9765000000,422000000.0,4061000000.0,,86420000000.0,,4849000000.0,0.0,483000000.0,134384000000.0,1556000000,21004000000.0,23090000000.0,6915000000.0,1204000000.0,9938000000.0,17069000000.0,67900000000.0,
2024-05-31,2024,FY24,52961000000.0,15353000000.0,10467000000.0,3.71,37608000000.0,8274000000.0,8915000000.0,1548000000.0,404000000.0,314000000.0,3010000000.0,3514000000.0,451000000.0,1274000000.0,2823000000.0,2744000000.0,18673000000.0,6866000000.0,3129000000.0,3974000000.0,4391000000.0,1202000000.0,10454000000,207000000.0,10605000000.0,,76264000000.0,0.0,7545000000.0,0.0,535000000.0,140976000000.0,9239000000,22554000000.0,31544000000.0,7874000000.0,2357000000.0,10546000000.0,21536000000.0,97900000000.0,
2025-05-31,2025,FY25,57399000000.0,17678000000.0,12443000000.0,4.34,39721000000.0,8651000000.0,9860000000.0,1602000000.0,299000000.0,75000000.0,2307000000.0,3578000000.0,578000000.0,1717000000.0,2866000000.0,2789000000.0,20821000000.0,21215000000.0,3867000000.0,4674000000.0,4743000000.0,600000000.0,10786000000,417000000.0,7271000000.0,,85297000000.0,2934000000.0,13450000000.0,0.0,518000000.0,168361000000.0,20969000000,24579000000.0,32643000000.0,8558000000.0,5113000000.0,10733000000.0,43522000000.0,137800000000.0,
2026-05-31,2026,FY26,67357000000.0,20606000000.0,17087000000.0,5.83,46751000000.0,8331000000.0,10272000000.0,1618000000.0,1779000000.0,,1671000000.0,4599000000.0,780000000.0,2467000000.0,2914000000.0,2860000000.0,31977000000.0,55663000000.0,7623000000.0,4811000000.0,5787000000.0,95000000.0,31289000000,605000000.0,7199000000.0,,122342000000.0,7701000000.0,30190000000.0,4954000000.0,548000000.0,261759000000.0,43056000000,46567000000.0,41764000000.0,10385000000.0,10977000000.0,15395000000.0,99957000000.0,638000000000.0,
