period_end,fiscal_year,fiscal_quarter,label,revenue,operating_income,net_income,eps_diluted,costs_and_expenses,sales_marketing,research_development,general_admin,restructuring,acquisition_related,amortization_intangibles_is,interest_expense,investment_income,income_tax,diluted_shares,basic_shares,ocf,capex,depreciation,sbc,dividends_paid,buybacks,cash,marketable_securities,debt_current,commercial_paper,debt_noncurrent,finance_lease_liability,operating_lease_liability,preferred_stock,minority_interest,total_assets,total_equity,current_assets,current_liabilities,receivables,payables,contract_liabilities,ppe_net,rpo,rpo_pct_next_12m,filed,shares_outstanding_cover
2010-08-31,2011,1,FY11 Q1,7502000000.0,1917000000.0,,0.27,5585000000.0,1333000000.0,1103000000.0,272000000.0,129000000.0,83000000.0,603000000.0,196000000.0,34000000.0,443000000.0,5083000000.0,5026000000.0,3817000000.0,118000000.0,99000000.0,130000000.0,251000000.0,249000000.0,12018000000,,,,14778000000.0,,,0.0,406000000.0,65255000000.0,32512000000.0,30264000000.0,13800000000.0,3721000000.0,706000000.0,6903000000.0,2835000000.0,,,2010-09-29,5027114000
2010-11-30,2011,2,FY11 Q2,8582000000.0,2770000000.0,,0.36,5812000000.0,1530000000.0,1119000000.0,156000000.0,189000000.0,47000000.0,614000000.0,214000000.0,39000000.0,776000000.0,5117000000.0,5044000000.0,944000000.0,121000000.0,95000000.0,124000000.0,253000000.0,255000000.0,10420000000,,,,14780000000.0,,,0.0,438000000.0,67243000000.0,34850000000.0,32723000000.0,13336000000.0,4406000000.0,762000000.0,5742000000.0,2870000000.0,,,2010-12-21,5052420000
2011-02-28,2011,3,FY11 Q3,8764000000.0,2987000000.0,,0.41,5777000000.0,1618000000.0,1127000000.0,286000000.0,92000000.0,30000000.0,612000000.0,204000000.0,45000000.0,683000000.0,5149000000.0,5057000000.0,2676000000.0,133000000.0,89000000.0,129000000.0,253000000.0,245000000.0,11864000000,,,,14752000000.0,,,0.0,442000000.0,67666000000.0,37059000000.0,32459000000.0,11282000000.0,4495000000.0,673000000.0,5849000000.0,2894000000.0,,,2011-03-29,5060516000
2011-05-31,2011,4,FY11 Q4,10775000000.0,4359000000.0,,0.6299999999999999,6416000000.0,2097000000.0,1170000000.0,256000000.0,77000000.0,48000000.0,599000000.0,195000000.0,45000000.0,961000000.0,5163000000.0,5065000000.0,3777000000.0,78000000.0,85000000.0,127000000.0,304000000.0,411000000.0,16163000000,,1150000000.0,0.0,14772000000.0,,,0.0,469000000.0,73535000000.0,40245000000.0,39174000000.0,14192000000.0,6628000000.0,701000000.0,6802000000.0,2857000000.0,,,2011-06-28,5065515000
2011-08-31,2012,1,FY12 Q1,8374000000.0,2683000000.0,1840000000.0,0.36,5691000000.0,1630000000.0,1050000000.0,311000000.0,101000000.0,19000000.0,592000000.0,192000000.0,57000000.0,631000000.0,5150000000.0,5062000000.0,5421000000.0,160000000.0,117000000.0,148000000.0,304000000.0,800000000.0,13162000000,,,,14789000000.0,,,0.0,347000000.0,73859000000.0,41239000000.0,39206000000.0,13056000000.0,4194000000.0,614000000.0,7925000000.0,2930000000.0,,,2011-09-23,5044602000
2011-11-30,2012,2,FY12 Q2,8792000000.0,3111000000.0,2192000000.0,0.42000000000000004,5681000000.0,1697000000.0,1102000000.0,277000000.0,52000000.0,6000000.0,592000000.0,192000000.0,58000000.0,768000000.0,5123000000.0,5041000000.0,1255000000.0,129000000.0,109000000.0,152000000.0,303000000.0,998000000.0,13286000000,,,,14778000000.0,,,0.0,347000000.0,72910000000.0,42267000000.0,38482000000.0,11072000000.0,4434000000.0,445000000.0,6091000000.0,2900000000.0,,,2011-12-23,5025837000
2012-02-29,2012,3,FY12 Q3,9039000000.0,3317000000.0,2498000000.0,0.5,5722000000.0,1700000000.0,1145000000.0,261000000.0,64000000.0,38000000.0,606000000.0,190000000.0,60000000.0,650000000.0,5080000000.0,5007000000.0,3010000000.0,142000000.0,124000000.0,175000000.0,302000000.0,1659000000.0,13781000000,,0.0,,14777000000.0,,,0.0,393000000.0,74361000000.0,43266000000.0,37538000000.0,11632000000.0,4656000000.0,442000000.0,6285000000.0,2936000000.0,,,2012-03-23,4975106000
2012-05-31,2012,4,FY12 Q4,10916000000.0,4595000000.0,3452000000.0,0.6799999999999999,6321000000.0,2100000000.0,1226000000.0,278000000.0,78000000.0,-7000000.0,640000000.0,192000000.0,56000000.0,931000000.0,5027000000.0,4950000000.0,4057000000.0,217000000.0,136000000.0,185000000.0,296000000.0,2399000000.0,14955000000,,2950000000.0,0.0,13524000000.0,,,0.0,399000000.0,78327000000.0,44087000000.0,40023000000.0,15388000000.0,6377000000.0,438000000.0,7035000000.0,3021000000.0,,,2012-06-26,4882506000
2012-08-31,2013,1,FY13 Q1,8181000000.0,2879000000.0,2034000000.0,0.41,5302000000.0,1545000000.0,1201000000.0,275000000.0,145000000.0,-258000000.0,619000000.0,188000000.0,57000000.0,668000000.0,4939000000.0,4867000000.0,5671000000.0,139000000.0,127000000.0,193000000.0,292000000.0,3076000000.0,15667000000,,1250000000.0,,13521000000.0,,,0.0,407000000.0,76558000000.0,43736000000.0,38172000000.0,13955000000.0,3775000000.0,388000000.0,8316000000.0,3037000000.0,,,2012-09-24,4819056000000000
2012-11-30,2013,2,FY13 Q2,9094000000.0,3471000000.0,2581000000.0,0.53,5623000000.0,1773000000.0,1199000000.0,263000000.0,131000000.0,-121000000.0,584000000.0,195000000.0,61000000.0,699000000.0,4868000000.0,4792000000.0,795000000.0,212000000.0,134000000.0,192000000.0,291000000.0,2996000000.0,15912000000,,1250000000.0,,18507000000.0,,,0.0,427000000.0,79657000000.0,43410000000.0,41129000000.0,12347000000.0,4401000000.0,372000000.0,6504000000.0,3093000000.0,,,2012-12-21,4734297000
2013-02-28,2013,3,FY13 Q3,8958000000.0,3334000000.0,2504000000.0,0.52,5624000000.0,1802000000.0,1186000000.0,260000000.0,42000000.0,33000000.0,586000000.0,205000000.0,62000000.0,586000000.0,4812000000.0,4735000000.0,3194000000.0,116000000.0,139000000.0,180000000.0,850000000.0,2132000000.0,16101000000,,1250000000.0,,18502000000.0,,,0.0,442000000.0,79450000000.0,43790000000.0,40686000000.0,11916000000.0,4169000000.0,361000000.0,6278000000.0,3034000000.0,,,2013-03-22,4710658000
2013-05-31,2013,4,FY13 Q4,10947000000.0,5000000000.0,3806000000.0,0.7999999999999998,5947000000.0,2208000000.0,1264000000.0,274000000.0,34000000.0,-257000000.0,596000000.0,209000000.0,57000000.0,1020000000.0,4757000000.0,4682000000.0,4564000000.0,183000000.0,146000000.0,189000000.0,0.0,2817000000.0,14613000000,,,0.0,18494000000.0,,,0.0,497000000.0,81812000000.0,45145000000.0,41692000000.0,12872000000.0,6049000000.0,419000000.0,7118000000.0,3053000000.0,,,2013-06-26,4630807000
2013-08-31,2014,1,FY14 Q1,8372000000.0,2873000000.0,2191000000.0,0.47,5499000000.0,1708000000.0,1237000000.0,260000000.0,56000000.0,10000000.0,595000000.0,217000000.0,57000000.0,472000000.0,4674000000.0,4608000000.0,6292000000.0,153000000.0,150000000.0,200000000.0,554000000.0,2968000000.0,19664000000,,1533000000.0,,22575000000.0,,,0.0,445000000.0,86406000000.0,43986000000.0,45457000000.0,14526000000.0,3450000000.0,367000000.0,8524000000.0,3052000000.0,,,2013-09-20,4557459000
2013-11-30,2014,2,FY14 Q2,9275000000.0,3410000000.0,2553000000.0,0.56,5865000000.0,1965000000.0,1273000000.0,262000000.0,52000000.0,17000000.0,577000000.0,230000000.0,65000000.0,650000000.0,4600000000.0,4535000000.0,1146000000.0,126000000.0,152000000.0,183000000.0,545000000.0,2833000000.0,14894000000,,1525000000.0,,22641000000.0,,,0.0,503000000.0,85238000000.0,44066000000.0,44252000000.0,13110000000.0,4192000000.0,408000000.0,6667000000.0,3039000000.0,,,2013-12-20,4497409000
2014-02-28,2014,3,FY14 Q3,9307000000.0,3567000000.0,2565000000.0,0.56,5740000000.0,1928000000.0,1292000000.0,251000000.0,38000000.0,-6000000.0,560000000.0,228000000.0,67000000.0,684000000.0,4575000000.0,4496000000.0,3027000000.0,147000000.0,150000000.0,198000000.0,541000000.0,2040000000.0,16832000000,,1516000000.0,,22677000000.0,,,0.0,528000000.0,86562000000.0,45235000000.0,44404000000.0,13092000000.0,4071000000.0,396000000.0,6473000000.0,3052000000.0,,,2014-03-20,4458886000
2014-05-31,2014,4,FY14 Q4,11320000000.0,4909000000.0,3646000000.0,0.7999999999999998,6411000000.0,1966000000.0,1348000000.0,265000000.0,37000000.0,20000000.0,568000000.0,240000000.0,74000000.0,942000000.0,4567000000.0,4473000000.0,4456000000.0,154000000.0,156000000.0,222000000.0,538000000.0,1972000000.0,17769000000,,1508000000.0,0.0,22667000000.0,,,0.0,569000000.0,90344000000.0,47447000000.0,48138000000.0,14389000000.0,6087000000.0,471000000.0,7269000000.0,3061000000.0,,,2014-06-26,4454889000
2014-08-31,2015,1,FY15 Q1,8596000000.0,2963000000.0,2184000000.0,0.48,5633000000.0,1706000000.0,1329000000.0,276000000.0,69000000.0,25000000.0,547000000.0,261000000.0,89000000.0,534000000.0,4548000000.0,4451000000.0,6728000000.0,201000000.0,160000000.0,215000000.0,537000000.0,2000000000.0,24179000000,,,,32567000000.0,,,0.0,577000000.0,99726000000.0,47931000000.0,58194000000.0,13377000000.0,3551000000.0,423000000.0,8939000000.0,3086000000.0,,,2014-09-23,4431304000
2014-11-30,2015,2,FY15 Q2,9598000000.0,3542000000.0,2502000000.0,0.56,6056000000.0,1897000000.0,1389000000.0,272000000.0,51000000.0,-21000000.0,568000000.0,282000000.0,79000000.0,767000000.0,4505000000.0,4417000000.0,1062000000.0,225000000.0,164000000.0,241000000.0,533000000.0,2087000000.0,16153000000,,,,32456000000.0,,,0.0,419000000.0,98305000000.0,47962000000.0,52040000000.0,11985000000.0,4326000000.0,490000000.0,6816000000.0,3169000000.0,,,2014-12-19,4391367000
2015-02-28,2015,3,FY15 Q3,9327000000.0,3383000000.0,2495000000.0,0.56,5944000000.0,1839000000.0,1370000000.0,252000000.0,48000000.0,8000000.0,527000000.0,273000000.0,82000000.0,655000000.0,4494000000.0,4389000000.0,2263000000.0,368000000.0,178000000.0,234000000.0,530000000.0,1992000000.0,13701000000,,1999000000.0,,30258000000.0,,,0.0,437000000.0,98816000000.0,48532000000.0,51294000000.0,13792000000.0,4178000000.0,626000000.0,6443000000.0,3335000000.0,,,2015-03-19,4367070000
2015-05-31,2015,4,FY15 Q4,10706000000.0,3982000000.0,2757000000.0,0.6199999999999999,6724000000.0,2212000000.0,1436000000.0,278000000.0,39000000.0,199000000.0,507000000.0,326000000.0,99000000.0,940000000.0,4465000000.0,4359000000.0,4283000000.0,597000000.0,210000000.0,244000000.0,655000000.0,2008000000.0,21716000000,,1999000000.0,0.0,39959000000.0,,,0.0,435000000.0,110903000000.0,49098000000.0,63183000000.0,15291000000.0,5618000000.0,806000000.0,7245000000.0,3686000000.0,,,2015-06-25,4336077000
2015-08-31,2016,1,FY16 Q1,8448000000.0,2654000000.0,1747000000.0,0.4,5794000000.0,1731000000.0,1390000000.0,257000000.0,83000000.0,31000000.0,452000000.0,374000000.0,117000000.0,563000000.0,4412000000.0,4317000000.0,5856000000.0,446000000.0,219000000.0,253000000.0,650000000.0,2846000000.0,16739000000,,2000000000.0,,40050000000.0,,,0.0,441000000.0,109706000000.0,47538000000.0,62122000000.0,15391000000.0,3475000000.0,422000000.0,9078000000.0,3896000000.0,,,2015-09-18,4268744000
2015-11-30,2016,2,FY16 Q2,8993000000.0,2955000000.0,2197000000.0,0.51,6038000000.0,1945000000.0,1444000000.0,285000000.0,95000000.0,-6000000.0,423000000.0,371000000.0,123000000.0,471000000.0,4316000000.0,4239000000.0,501000000.0,195000000.0,210000000.0,254000000.0,636000000.0,3412000000.0,17411000000,,2000000000.0,,39940000000.0,,,0.0,408000000.0,106483000000.0,46332000000.0,58618000000.0,13754000000.0,3956000000.0,415000000.0,6998000000.0,3855000000.0,,,2015-12-18,4201220000
2016-02-29,2016,3,FY16 Q3,9012000000.0,3027000000.0,2142000000.0,0.5,5985000000.0,1903000000.0,1419000000.0,290000000.0,115000000.0,10000000.0,408000000.0,360000000.0,141000000.0,590000000.0,4256000000.0,4182000000.0,3474000000.0,368000000.0,214000000.0,260000000.0,632000000.0,2209000000.0,15583000000,,,,40106000000.0,,,0.0,466000000.0,104894000000.0,46336000000.0,57069000000.0,11825000000.0,3844000000.0,410000000.0,6912000000.0,4011000000.0,,,2016-03-18,4149865000
2016-05-31,2016,4,FY16 Q4,10594000000.0,3968000000.0,2814000000.0,0.6599999999999999,6626000000.0,2306000000.0,1534000000.0,323000000.0,165000000.0,7000000.0,355000000.0,362000000.0,156000000.0,918000000.0,4236000000.0,4146000000.0,3730000000.0,180000000.0,228000000.0,269000000.0,623000000.0,1973000000.0,20152000000,,3750000000.0,0.0,40105000000.0,,,0.0,501000000.0,112180000000.0,47790000000.0,64313000000.0,17208000000.0,5385000000.0,504000000.0,7655000000.0,4000000000.0,,,2016-06-22,4122730000
2016-08-31,2017,1,FY17 Q1,8595000000.0,2641000000.0,1832000000.0,0.43,5954000000.0,1919000000.0,1520000000.0,315000000.0,99000000.0,14000000.0,311000000.0,416000000.0,177000000.0,541000000.0,4221000000.0,4119000000.0,5875000000.0,299000000.0,222000000.0,319000000.0,618000000.0,2002000000.0,28614000000,,999000000.0,,53057000000.0,,,0.0,397000000.0,123223000000.0,47832000000.0,74451000000.0,15142000000.0,3407000000.0,551000000.0,9462000000.0,4108000000.0,,,2016-09-19,4105567000
2016-11-30,2017,2,FY17 Q2,9035000000.0,3037000000.0,2032000000.0,0.49000000000000005,5998000000.0,1960000000.0,1510000000.0,303000000.0,86000000.0,40000000.0,302000000.0,451000000.0,204000000.0,653000000.0,4195000000.0,4104000000.0,1086000000.0,757000000.0,241000000.0,327000000.0,614000000.0,567000000.0,18592000000,,3838000000.0,,50489000000.0,,,0.0,383000000.0,123600000000.0,48845000000.0,64734000000.0,16347000000.0,3690000000.0,615000000.0,7411000000.0,4882000000.0,,,2016-12-19,4102353000
2017-02-28,2017,3,FY17 Q3,9205000000.0,2959000000.0,2239000000.0,0.53,6246000000.0,2004000000.0,1521000000.0,241000000.0,161000000.0,30000000.0,397000000.0,450000000.0,197000000.0,459000000.0,4204000000.0,4107000000.0,2699000000.0,440000000.0,259000000.0,371000000.0,612000000.0,498000000.0,19748000000,,3498000000.0,,50469000000.0,,,0.0,408000000.0,125382000000.0,51023000000.0,66011000000.0,15790000000.0,3721000000.0,481000000.0,7388000000.0,5070000000.0,,,2017-03-17,4114684000
2017-05-31,2017,4,FY17 Q4,10893000000.0,4074000000.0,3232000000.0,0.76,6819000000.0,2314000000.0,1608000000.0,317000000.0,117000000.0,19000000.0,441000000.0,481000000.0,224000000.0,529000000.0,4248000000.0,4130000000.0,4466000000.0,525000000.0,278000000.0,333000000.0,787000000.0,494000000.0,21784000000,,9797000000.0,,48112000000.0,,,0.0,386000000.0,134991000000.0,54246000000.0,74515000000.0,24178000000.0,5300000000.0,599000000.0,8233000000.0,5315000000.0,,,2017-06-27,4136682000
2017-08-31,2018,1,FY18 Q1,9187000000.0,2821000000.0,2210000000.0,0.52,6366000000.0,1992000000.0,1574000000.0,320000000.0,124000000.0,12000000.0,411000000.0,469000000.0,257000000.0,375000000.0,4284000000.0,4156000000.0,6566000000.0,473000000.0,285000000.0,403000000.0,788000000.0,502000000.0,21321000000,,4998000000.0,,48293000000.0,,,0.0,407000000.0,133597000000.0,56366000000.0,73335000000.0,20226000000.0,3591000000.0,593000000.0,10269000000.0,5586000000.0,,,2017-09-18,4173053000
2017-11-30,2018,2,FY18 Q2,9621000000.0,3069000000.0,2233000000.0,0.52,6552000000.0,2082000000.0,1475000000.0,321000000.0,292000000.0,16000000.0,400000000.0,475000000.0,279000000.0,634000000.0,4283000000.0,4160000000.0,850000000.0,599000000.0,288000000.0,418000000.0,791000000.0,1952000000.0,21310000000,,2499000000.0,,58170000000.0,,,0.0,432000000.0,138762000000.0,56300000000.0,78545000000.0,15494000000.0,3798000000.0,554000000.0,8076000000.0,5868000000.0,,,2017-12-18,4139602000
2018-02-28,2018,3,FY18 Q3,9771000000.0,3410000000.0,-4024000000.0,-0.9400000000000001,6361000000.0,2033000000.0,1498000000.0,340000000.0,91000000.0,4000000.0,394000000.0,533000000.0,313000000.0,7324000000.0,4122000000.0,4122000000.0,3310000000.0,286000000.0,305000000.0,389000000.0,783000000.0,3967000000.0,19487000000,,4491000000.0,,56224000000.0,,,0.0,483000000.0,138201000000.0,48272000000.0,77732000000.0,17968000000.0,3902000000.0,603000000.0,8003000000.0,5904000000.0,,,2018-03-21,4082313000
2018-05-31,2018,4,FY18 Q4,11252000000.0,4380000000.0,3407000000.0,0.8,6872000000.0,2325000000.0,1544000000.0,307000000.0,82000000.0,20000000.0,415000000.0,548000000.0,352000000.0,733000000.0,4263000000.0,4046000000.0,4660000000.0,378000000.0,287000000.0,396000000.0,778000000.0,4926000000.0,21620000000,45641000000.0,4491000000.0,,56128000000.0,,,0.0,498000000.0,137264000000.0,46224000000.0,75964000000.0,19195000000.0,5279000000.0,529000000.0,8429000000.0,5897000000.0,,,2018-06-22,3981155000
2018-08-31,2019,1,FY19 Q1,9193000000.0,2778000000.0,2265000000.0,0.57,6415000000.0,2039000000.0,1564000000.0,321000000.0,90000000.0,14000000.0,434000000.0,529000000.0,348000000.0,275000000.0,3999000000.0,3904000000.0,6722000000.0,383000000.0,286000000.0,436000000.0,742000000.0,9967000000.0,18455000000,,3743000000.0,,54386000000.0,,,0.0,497000000.0,128358000000.0,38564000000.0,67009000000.0,19562000000.0,3729000000.0,527000000.0,11019000000.0,5918000000.0,31300000000.0,0.64,2018-09-19,3787960000
2018-11-30,2019,2,FY19 Q2,9562000000.0,3101000000.0,2333000000.0,0.61,6461000000.0,2101000000.0,1475000000.0,299000000.0,143000000.0,18000000.0,424000000.0,519000000.0,296000000.0,441000000.0,3817000000.0,3720000000.0,546000000.0,421000000.0,280000000.0,396000000.0,714000000.0,9957000000.0,10824000000,38567000000.0,6477000000.0,,51561000000.0,,,0.0,483000000.0,118318000000.0,31055000000.0,56938000000.0,20315000000.0,3975000000.0,587000000.0,8898000000.0,6003000000.0,30100000000.0,0.62,2018-12-19,3588919000
2019-02-28,2019,3,FY19 Q3,9614000000.0,3399000000.0,2745000000.0,0.76,6215000000.0,2051000000.0,1426000000.0,316000000.0,42000000.0,-3000000.0,407000000.0,509000000.0,246000000.0,343000000.0,3617000000.0,3526000000.0,2861000000.0,443000000.0,334000000.0,427000000.0,670000000.0,9963000000.0,14720000000,25310000000.0,4487000000.0,,51672000000.0,,,0.0,524000000.0,109438000000.0,24238000000.0,47617000000.0,17986000000.0,3993000000.0,603000000.0,8633000000.0,6197000000.0,31500000000.0,0.62,2019-03-18,3417654000
2019-05-31,2019,4,FY19 Q4,11137000000.0,4257000000.0,3740000000.0,1.0400000000000003,6880000000.0,2318000000.0,1562000000.0,330000000.0,168000000.0,15000000.0,424000000.0,525000000.0,202000000.0,126000000.0,3495000000.0,3386000000.0,4422000000.0,413000000.0,330000000.0,394000000.0,806000000.0,6253000000.0,20514000000,17313000000.0,4494000000.0,,51673000000.0,,,0.0,578000000.0,108709000000.0,22363000000.0,46386000000.0,18630000000.0,5134000000.0,580000000.0,9043000000.0,6252000000.0,36200000000.0,0.62,2019-06-21,3335819000
2019-08-31,2020,1,FY20 Q1,9218000000.0,2877000000.0,2137000000.0,0.63,6341000000.0,2018000000.0,1557000000.0,292000000.0,78000000.0,25000000.0,414000000.0,494000000.0,190000000.0,345000000.0,3410000000.0,3317000000.0,6000000000.0,386000000.0,336000000.0,446000000.0,795000000.0,5005000000.0,31083000000,4621000000.0,3748000000.0,,50692000000.0,,2061000000.0,0.0,586000000.0,106229000000.0,19019000000.0,42384000000.0,18875000000.0,3820000000.0,486000000.0,10739000000.0,6264000000.0,33800000000.0,0.61,2019-09-13,3288330000
2019-11-30,2020,2,FY20 Q2,9614000000.0,3183000000.0,2311000000.0,0.69,6431000000.0,2068000000.0,1531000000.0,323000000.0,42000000.0,12000000.0,407000000.0,465000000.0,145000000.0,499000000.0,3331000000.0,3245000000.0,513000000.0,349000000.0,341000000.0,397000000.0,767000000.0,4991000000.0,24540000000,2904000000.0,999000000.0,,50670000000.0,,1993000000.0,0.0,622000000.0,98443000000.0,16185000000.0,34540000000.0,14592000000.0,4050000000.0,534000000.0,8702000000.0,6270000000.0,32800000000.0,0.6,2019-12-13,3207649000
2020-02-29,2020,3,FY20 Q3,9796000000.0,3528000000.0,2571000000.0,0.79,6268000000.0,2049000000.0,1500000000.0,288000000.0,60000000.0,7000000.0,400000000.0,456000000.0,122000000.0,505000000.0,3271000000.0,3190000000.0,3012000000.0,396000000.0,348000000.0,361000000.0,768000000.0,3939000000.0,23829000000,2029000000.0,2355000000.0,,49320000000.0,,1904000000.0,0.0,646000000.0,96704000000.0,14881000000.0,33442000000.0,15740000000.0,4162000000.0,533000000.0,8417000000.0,6248000000.0,33800000000.0,0.6,2020-03-13,3153584000
2020-05-31,2020,4,FY20 Q4,10439000000.0,4308000000.0,3116000000.0,0.98,6131000000.0,1959000000.0,1479000000.0,278000000.0,69000000.0,12000000.0,365000000.0,579000000.0,70000000.0,580000000.0,3164000000.0,3092000000.0,3614000000.0,433000000.0,357000000.0,386000000.0,740000000.0,5305000000.0,37239000000,5818000000.0,2371000000.0,,69226000000.0,,2098000000.0,0.0,643000000.0,115438000000.0,12717000000.0,52140000000.0,17200000000.0,5551000000.0,637000000.0,8599000000.0,6244000000.0,37000000000.0,0.62,2020-06-22,3068682000
2020-08-31,2021,1,FY21 Q1,9367000000.0,3211000000.0,2251000000.0,0.72,6156000000.0,1854000000.0,1589000000.0,295000000.0,174000000.0,19000000.0,345000000.0,614000000.0,31000000.0,344000000.0,3107000000.0,3041000000.0,5953000000.0,436000000.0,356000000.0,428000000.0,730000000.0,4945000000.0,27276000000,15003000000.0,2997000000.0,,67769000000.0,,,0.0,649000000.0,113546000000.0,10140000000.0,49939000000.0,18748000000.0,4576000000.0,534000000.0,10546000000.0,6401000000.0,35500000000.0,0.61,2020-09-15,3007161000
2020-11-30,2021,2,FY21 Q2,9800000000.0,3583000000.0,2442000000.0,0.8,6217000000.0,1836000000.0,1601000000.0,324000000.0,96000000.0,76000000.0,345000000.0,600000000.0,27000000.0,530000000.0,3046000000.0,2977000000.0,1388000000.0,568000000.0,386000000.0,488000000.0,717000000.0,4017000000.0,28001000000,10592000000.0,7251000000.0,,63531000000.0,,,0.0,699000000.0,110014000000.0,8616000000.0,46251000000.0,21347000000.0,4423000000.0,724000000.0,8718000000.0,6627000000.0,34400000000.0,0.6,2020-12-11,2944034000
2021-02-28,2021,3,FY21 Q3,10085000000.0,3878000000.0,5021000000.0,1.68,6207000000.0,1915000000.0,1621000000.0,330000000.0,66000000.0,12000000.0,347000000.0,585000000.0,22000000.0,-1745000000.0,2994000000.0,2913000000.0,3704000000.0,414000000.0,385000000.0,479000000.0,699000000.0,3996000000.0,22321000000,13543000000.0,5758000000.0,,63541000000.0,,,0.0,737000000.0,118109000000.0,9637000000.0,43744000000.0,20250000000.0,4637000000.0,812000000.0,8758000000.0,6816000000.0,35300000000.0,0.61,2021-03-11,2883535000
2021-05-31,2021,4,FY21 Q4,11227000000.0,4541000000.0,4032000000.0,1.3599999999999999,6686000000.0,2077000000.0,1715000000.0,305000000.0,94000000.0,31000000.0,342000000.0,697000000.0,21000000.0,124000000.0,2941000000.0,2849000000.0,4842000000.0,717000000.0,410000000.0,442000000.0,917000000.0,7976000000.0,30098000000,16456000000.0,8250000000.0,,75995000000.0,,2782000000.0,0.0,714000000.0,131107000000.0,5952000000.0,55567000000.0,24164000000.0,5409000000.0,745000000.0,9454000000.0,7049000000.0,41300000000.0,,2021-06-21,2792000000
2021-08-31,2022,1,FY22 Q1,9728000000.0,3427000000.0,2457000000.0,0.86,6301000000.0,1854000000.0,1684000000.0,298000000.0,38000000.0,21000000.0,303000000.0,705000000.0,20000000.0,224000000.0,2861000000.0,2769000000.0,5391000000.0,1062000000.0,454000000.0,545000000.0,887000000.0,7995000000.0,23059000000,16251000000.0,6748000000.0,,75970000000.0,,,0.0,411000000.0,122924000000.0,-1130000000.0,47117000000.0,23071000000.0,4482000000.0,749000000.0,10784000000.0,7610000000.0,38700000000.0,,2021-09-13,2738179000
2021-11-30,2022,2,FY22 Q2,10360000000.0,-824000000.0,-1247000000.0,-0.43,11184000000.0,1954000000.0,1754000000.0,319000000.0,32000000.0,4667000000.0,299000000.0,679000000.0,20000000.0,-249000000.0,2694000000.0,2694000000.0,-3682000000.0,925000000.0,459000000.0,681000000.0,861000000.0,7006000000.0,17938000000,4900000000.0,4998000000.0,,73433000000.0,,,0.0,443000000.0,106897000000.0,-9658000000.0,31078000000.0,18881000000.0,4462000000.0,1034000000.0,8675000000.0,8029000000.0,37200000000.0,,2021-12-10,2670447000
2022-02-28,2022,3,FY22 Q3,10513000000.0,3822000000.0,2319000000.0,0.84,6691000000.0,2004000000.0,1816000000.0,335000000.0,19000000.0,20000000.0,279000000.0,667000000.0,16000000.0,521000000.0,2754000000.0,2670000000.0,3845000000.0,1101000000.0,496000000.0,674000000.0,855000000.0,653000000.0,22682000000,707000000.0,6248000000.0,,72165000000.0,,,0.0,485000000.0,108644000000.0,-8211000000.0,31675000000.0,20833000000.0,4588000000.0,1124000000.0,8614000000.0,8609000000.0,38500000000.0,,2022-03-11,2668157000
2022-05-31,2022,4,FY22 Q4,11840000000.0,4502000000.0,3189000000.0,1.1500000000000001,7338000000.0,2236000000.0,1965000000.0,364000000.0,102000000.0,6000000.0,268000000.0,704000000.0,38000000.0,435000000.0,2835000000.0,2667000000.0,3985000000.0,1423000000.0,563000000.0,713000000.0,854000000.0,594000000.0,21383000000,519000000.0,3749000000.0,,72110000000.0,,3658000000.0,0.0,452000000.0,109297000000.0,-5768000000.0,31633000000.0,19511000000.0,5953000000.0,1317000000.0,9110000000.0,9716000000.0,46600000000.0,,2022-06-21,2664926000
2022-08-31,2023,1,FY23 Q1,11445000000.0,2623000000.0,1548000000.0,0.56,8822000000.0,2177000000.0,2093000000.0,411000000.0,144000000.0,41000000.0,919000000.0,787000000.0,38000000.0,108000000.0,2747000000.0,2685000000.0,6394000000.0,1719000000.0,547000000.0,750000000.0,860000000.0,552000000.0,10448000000,772000000.0,16097000000.0,,75480000000.0,,,0.0,426000000.0,130309000000.0,-5449000000.0,21004000000.0,34819000000.0,5937000000.0,1461000000.0,11261000000.0,12280000000.0,60700000000.0,,2022-09-13,2695653000
2022-11-30,2023,2,FY23 Q2,12275000000.0,3071000000.0,1741000000.0,0.63,9204000000.0,2216000000.0,2158000000.0,366000000.0,137000000.0,62000000.0,907000000.0,856000000.0,52000000.0,403000000.0,2746000000.0,2695000000.0,849000000.0,2435000000.0,591000000.0,909000000.0,863000000.0,448000000.0,6813000000,537000000.0,9746000000.0,,81173000000.0,,,0.0,470000000.0,128469000000.0,-3776000000.0,17561000000.0,27106000000.0,6197000000.0,1647000000.0,9478000000.0,14351000000.0,61200000000.0,,2022-12-13,2696253000
2023-02-28,2023,3,FY23 Q3,12398000000.0,3260000000.0,1896000000.0,0.68,9138000000.0,2150000000.0,2146000000.0,402000000.0,78000000.0,37000000.0,886000000.0,908000000.0,90000000.0,322000000.0,2776000000.0,2698000000.0,4275000000.0,2628000000.0,672000000.0,924000000.0,863000000.0,150000000.0,8219000000,550000000.0,5415000000.0,,86396000000.0,,,0.0,509000000.0,131620000000.0,-1912000000.0,18696000000.0,22880000000.0,6213000000.0,1610000000.0,9388000000.0,16345000000.0,62300000000.0,,2023-03-10,2699802000
2023-05-31,2023,4,FY23 Q4,13836000000.0,4140000000.0,3319000000.0,1.19,9696000000.0,2289000000.0,2226000000.0,400000000.0,131000000.0,50000000.0,870000000.0,955000000.0,105000000.0,-210000000.0,2795000000.0,2706000000.0,5647000000.0,1913000000.0,716000000.0,964000000.0,1082000000.0,150000000.0,9765000000,422000000.0,4061000000.0,,86420000000.0,,4849000000.0,0.0,483000000.0,134384000000.0,1556000000.0,21004000000.0,23090000000.0,6915000000.0,1204000000.0,9938000000.0,17069000000.0,67900000000.0,,2023-06-20,2714259000
2023-08-31,2024,1,FY24 Q1,12453000000.0,3296000000.0,2420000000.0,0.86,9157000000.0,2026000000.0,2216000000.0,393000000.0,138000000.0,11000000.0,763000000.0,872000000.0,136000000.0,-45000000.0,2823000000.0,2728000000.0,6974000000.0,1314000000.0,712000000.0,849000000.0,1091000000.0,150000000.0,11613000000,470000000.0,4499000000.0,,84442000000.0,,,0.0,471000000.0,136662000000.0,2841000000.0,22166000000.0,25357000000.0,6519000000.0,1034000000.0,12266000000.0,17644000000.0,64900000000.0,,2023-09-12,2739821000
2023-11-30,2024,2,FY24 Q2,12941000000.0,3622000000.0,2503000000.0,0.89,9319000000.0,2093000000.0,2226000000.0,375000000.0,83000000.0,47000000.0,755000000.0,888000000.0,133000000.0,217000000.0,2817000000.0,2746000000.0,143000000.0,1080000000.0,798000000.0,1029000000.0,1099000000.0,450000000.0,8244000000,446000000.0,6321000000.0,,82468000000.0,,,0.0,512000000.0,134324000000.0,4378000000.0,19289000000.0,24407000000.0,6804000000.0,1107000000.0,10129000000.0,18009000000.0,65500000000.0,,2023-12-12,2748922000
2024-02-29,2024,3,FY24 Q3,13280000000.0,3750000000.0,2401000000.0,0.85,9530000000.0,2042000000.0,2248000000.0,377000000.0,90000000.0,155000000.0,749000000.0,876000000.0,111000000.0,464000000.0,2819000000.0,2748000000.0,5475000000.0,1674000000.0,808000000.0,1048000000.0,1099000000.0,450000000.0,9481000000,423000000.0,5510000000.0,,82470000000.0,,,0.0,559000000.0,137082000000.0,6182000000.0,21063000000.0,24885000000.0,7297000000.0,1658000000.0,10196000000.0,19117000000.0,80200000000.0,,2024-03-12,2748514000
2024-05-31,2024,4,FY24 Q4,14287000000.0,4686000000.0,3144000000.0,1.1099999999999999,9601000000.0,2113000000.0,2226000000.0,402000000.0,93000000.0,100000000.0,743000000.0,878000000.0,71000000.0,638000000.0,2833000000.0,2754000000.0,6081000000.0,2798000000.0,811000000.0,1047000000.0,1102000000.0,152000000.0,10454000000,207000000.0,10605000000.0,,76264000000.0,0.0,7545000000.0,0.0,535000000.0,140976000000.0,9239000000.0,22554000000.0,31544000000.0,7874000000.0,2357000000.0,10546000000.0,21536000000.0,97900000000.0,,2024-06-20,2755860000
2024-08-31,2025,1,FY25 Q1,13307000000.0,3991000000.0,2929000000.0,1.03,9316000000.0,2036000000.0,2306000000.0,358000000.0,73000000.0,13000000.0,624000000.0,842000000.0,133000000.0,240000000.0,2851000000.0,2761000000.0,7427000000.0,2303000000.0,804000000.0,1007000000.0,1103000000.0,150000000.0,10616000000,295000000.0,9201000000.0,,75314000000.0,,,0.0,453000000.0,144214000000.0,11269000000.0,23072000000.0,32045000000.0,8021000000.0,2207000000.0,12884000000.0,23094000000.0,99100000000.0,,2024-09-10,2770968000
2024-11-30,2025,2,FY25 Q2,14059000000.0,4220000000.0,3151000000.0,1.1,9839000000.0,2190000000.0,2471000000.0,387000000.0,84000000.0,31000000.0,591000000.0,866000000.0,149000000.0,239000000.0,2869000000.0,2790000000.0,1304000000.0,3970000000.0,908000000.0,1170000000.0,1118000000.0,150000000.0,10941000000,370000000.0,8162000000.0,,80462000000.0,,,0.0,490000000.0,148483000000.0,14236000000.0,23503000000.0,29052000000.0,8177000000.0,2679000000.0,10826000000.0,26432000000.0,97300000000.0,,2024-12-10,2796956000
2025-02-28,2025,3,FY25 Q3,14130000000.0,4358000000.0,2936000000.0,1.02,9772000000.0,2119000000.0,2429000000.0,390000000.0,63000000.0,28000000.0,548000000.0,892000000.0,135000000.0,512000000.0,2874000000.0,2799000000.0,5933000000.0,5862000000.0,1003000000.0,1198000000.0,1119000000.0,150000000.0,17406000000,417000000.0,8167000000.0,,88109000000.0,900000000.0,12000000000.0,0.0,531000000.0,161378000000.0,17261000000.0,30116000000.0,29623000000.0,8051000000.0,2423000000.0,10368000000.0,31970000000.0,130200000000.0,,2025-03-11,2804234000
2025-05-31,2025,4,FY25 Q4,15903000000.0,5109000000.0,3427000000.0,1.19,10794000000.0,2306000000.0,2654000000.0,467000000.0,79000000.0,3000000.0,544000000.0,978000000.0,160000000.0,725000000.0,2870000000.0,2806000000.0,6157000000.0,9080000000.0,1152000000.0,1300000000.0,1403000000.0,150000000.0,10786000000,417000000.0,7271000000.0,,85297000000.0,2934000000.0,13450000000.0,0.0,518000000.0,168361000000.0,20969000000.0,24579000000.0,32643000000.0,8558000000.0,5113000000.0,10733000000.0,43522000000.0,137800000000.0,,2025-06-18,2808833000
2025-08-31,2026,1,FY26 Q1,14926000000.0,4277000000.0,2927000000.0,1.01,10649000000.0,2063000000.0,2491000000.0,376000000.0,402000000.0,13000000.0,420000000.0,923000000.0,103000000.0,500000000.0,2909000000.0,2826000000.0,8140000000.0,8502000000.0,1351000000.0,1124000000.0,1413000000.0,95000000.0,10445000000,560000000.0,9079000000.0,,82236000000.0,4017000000.0,16290000000.0,0.0,512000000.0,180449000000.0,24666000000.0,24634000000.0,39874000000.0,8843000000.0,8203000000.0,13362000000.0,53194000000.0,455300000000.0,,2025-09-10,2841714000
2025-11-30,2026,2,FY26 Q2,16058000000.0,4731000000.0,6135000000.0,2.1,11327000000.0,2149000000.0,2561000000.0,409000000.0,406000000.0,22000000.0,407000000.0,1057000000.0,192000000.0,207000000.0,2922000000.0,2864000000.0,2066000000.0,12033000000.0,1704000000.0,1156000000.0,1435000000.0,0.0,19241000000,525000000.0,8091000000.0,,99984000000.0,4976000000.0,18679000000.0,0.0,506000000.0,204984000000.0,30457000000.0,34366000000.0,37795000000.0,9440000000.0,10140000000.0,11175000000.0,67875000000.0,523300000000.0,,2025-12-11,2873130000
2026-02-28,2026,3,FY26 Q3,17190000000.0,5464000000.0,3721000000.0,1.27,11726000000.0,2052000000.0,2607000000.0,389000000.0,153000000.0,20000000.0,413000000.0,1180000000.0,196000000.0,695000000.0,2912000000.0,2874000000.0,7151000000.0,18635000000.0,2153000000.0,1328000000.0,1437000000.0,0.0,38455000000,677000000.0,9887000000.0,,124718000000.0,6250000000.0,21310000000.0,4954000000.0,556000000.0,245240000000.0,39051000000.0,54874000000.0,40737000000.0,10719000000.0,9474000000.0,11182000000.0,83617000000.0,552600000000.0,,2026-03-11,2876046000
2026-05-31,2026,4,FY26 Q4,19184000000.0,6133000000.0,4304000000.0,1.4500000000000002,13051000000.0,2068000000.0,2614000000.0,444000000.0,818000000.0,,432000000.0,1439000000.0,289000000.0,1065000000.0,2913000000.0,2876000000.0,14620000000.0,16493000000.0,2415000000.0,1203000000.0,1502000000.0,0.0,31289000000,605000000.0,7199000000.0,,122342000000.0,7701000000.0,30190000000.0,4954000000.0,548000000.0,261759000000.0,43056000000.0,46567000000.0,41764000000.0,10385000000.0,10977000000.0,15395000000.0,99957000000.0,638000000000.0,,2026-06-22,2880471000
2026-08-31,2027,1,FY27 Q1,19345000000.0,6728000000.0,4760000000.0,1.56,12617000000.0,1811000000.0,2401000000.0,376000000.0,165000000.0,,202000000.0,1428000000.0,306000000.0,847000000.0,3000000000.0,2966000000.0,23103000000.0,28499000000.0,3156000000.0,1127000000.0,1565000000.0,,36369000000,708000000.0,7625000000.0,,117712000000.0,9185000000.0,34621000000.0,4954000000.0,424000000.0,303259000000.0,67196000000.0,55630000000.0,47514000000.0,11394000000.0,11063000000.0,30789000000.0,127845000000.0,664000000000.0,,2026-09-11,3023736000
