period_end,fiscal_year,label,revenue,operating_income,net_income,eps_diluted,costs_and_expenses,sales_marketing,research_development,general_admin,restructuring,acquisition_related,amortization_intangibles_is,interest_expense,investment_income,income_tax,diluted_shares,basic_shares,ocf,capex,depreciation,sbc,dividends_paid,buybacks,cash,marketable_securities,debt_current,commercial_paper,debt_noncurrent,finance_lease_liability,operating_lease_liability,preferred_stock,minority_interest,total_assets,total_equity,current_assets,current_liabilities,receivables,payables,contract_liabilities,ppe_net,rpo,rpo_pct_next_12m,d_and_a,ebitda,fcf,operating_margin,fcf_margin,capex_to_ocf,revenue_yoy,eps_yoy,capex_yoy,total_debt,cash_and_securities,net_debt,net_debt_to_ebitda,interest_coverage
2011-05-31,2011,FY11,35622.0,12033.0,8547.0,1.67,23589.0,6579.0,4519.0,970.0,487.0,208.0,2428.0,808.0,163.0,2864.0,5128.0,5048.0,11214.0,450.0,368.0,510.0,1061.0,1160.0,16163.0,,1150.0,0.0,14772.0,,,0.0,469.0,73535.0,40245.0,39174.0,14192.0,6628.0,701.0,6802.0,2857.0,,,2796.0,14829.0,10764.0,0.3377968671045983,0.3021728145528044,0.04012841091492777,,,,15922.0,16163.0,-241.0,-0.01625193876862904,14.892326732673267
2012-05-31,2012,FY12,37121.0,13706.0,9981.0,1.96,23415.0,7127.0,4523.0,1126.0,295.0,56.0,2430.0,766.0,231.0,2981.0,5095.0,5015.0,13743.0,648.0,486.0,659.0,1205.0,5856.0,14955.0,,2950.0,0.0,13524.0,,,0.0,399.0,78327.0,44087.0,40023.0,15388.0,6377.0,438.0,7035.0,3021.0,,,2916.0,16622.0,13095.0,0.36922496699981144,0.35276528110772876,0.047151277013752456,0.04208073662343503,0.17365269461077837,0.43999999999999995,16474.0,14955.0,1519.0,0.09138491156298881,17.89295039164491
2013-05-31,2013,FY13,37180.0,14684.0,10925.0,2.26,22496.0,7328.0,4850.0,1072.0,352.0,-604.0,2385.0,797.0,237.0,2973.0,4844.0,4769.0,14224.0,650.0,546.0,755.0,1433.0,11021.0,14613.0,,,0.0,18494.0,,,0.0,497.0,81812.0,45145.0,41692.0,12872.0,6049.0,419.0,7118.0,3053.0,,,2931.0,17615.0,13574.0,0.3949435180204411,0.3650887573964497,0.04569741282339707,0.0015893968373696943,0.15306122448979576,0.0030864197530864335,18494.0,14613.0,3881.0,0.22032358785126313,18.424090338770387
2014-05-31,2014,FY14,38275.0,14759.0,10955.0,2.38,23516.0,7567.0,5151.0,1038.0,183.0,41.0,2300.0,914.0,263.0,2749.0,4604.0,4528.0,14921.0,580.0,608.0,805.0,2178.0,9813.0,17769.0,,1508.0,0.0,22667.0,,,0.0,569.0,90344.0,47447.0,48138.0,14389.0,6087.0,471.0,7269.0,3061.0,,,2908.0,17667.0,14341.0,0.3856041802743305,0.3746832135858916,0.038871389317069904,0.02945131791285638,0.053097345132743445,-0.10769230769230764,24175.0,17769.0,6406.0,0.362596932133356,16.14770240700219
2015-05-31,2015,FY15,38226.0,13871.0,9938.0,2.21,24355.0,7655.0,5524.0,1077.0,207.0,211.0,2149.0,1143.0,349.0,2896.0,4503.0,4404.0,14336.0,1391.0,712.0,933.0,2255.0,8087.0,21716.0,,1999.0,0.0,39959.0,,,0.0,435.0,110903.0,49098.0,63183.0,15291.0,5618.0,806.0,7245.0,3686.0,,,2861.0,16732.0,12945.0,0.36286820488672633,0.33864385496782295,0.09702845982142858,-0.0012802090137165045,-0.0714285714285714,1.3982758620689655,41958.0,21716.0,20242.0,1.2097776715276118,12.135608048993875
2016-05-31,2016,FY16,37047.0,12604.0,8901.0,2.07,24443.0,7884.0,5787.0,1155.0,458.0,42.0,1638.0,1467.0,538.0,2541.0,4305.0,4221.0,13561.0,1189.0,871.0,1037.0,2541.0,10440.0,20152.0,,3750.0,0.0,40105.0,,,0.0,501.0,112180.0,47790.0,64313.0,17208.0,5385.0,504.0,7655.0,4000.0,,,2509.0,15113.0,12372.0,0.34021648176640484,0.33395416632925745,0.08767789985989234,-0.03084288180819339,-0.06334841628959287,-0.14521926671459384,43855.0,20152.0,23703.0,1.5683848342486602,8.591683708248125
2017-05-31,2017,FY17,37728.0,12710.0,9335.0,2.21,25018.0,8197.0,6159.0,1176.0,463.0,103.0,1451.0,1798.0,802.0,2182.0,4217.0,4115.0,14126.0,2021.0,1000.0,1350.0,2631.0,3561.0,21784.0,,9797.0,,48112.0,,,0.0,386.0,134991.0,54246.0,74515.0,24178.0,5300.0,599.0,8233.0,5315.0,,,2451.0,15161.0,12105.0,0.33688507209499574,0.3208492366412214,0.14306951720232197,0.018382055227143868,0.06763285024154597,0.6997476871320438,57909.0,21784.0,36125.0,2.3827583932458283,7.068965517241379
2018-05-31,2018,FY18,39831.0,13679.0,3825.0,0.9,26152.0,8431.0,6091.0,1289.0,588.0,52.0,1620.0,2025.0,1201.0,9066.0,4238.0,4121.0,15386.0,1736.0,1165.0,1607.0,3140.0,11347.0,21620.0,45641.0,4491.0,,56128.0,,,0.0,498.0,137264.0,46224.0,75964.0,19195.0,5279.0,529.0,8429.0,5897.0,,,2785.0,16464.0,13650.0,0.3434259747432904,0.3426978986216766,0.11282984531392175,0.05574109414758266,-0.5927601809954751,-0.14101929737753582,60619.0,67261.0,-6642.0,-0.4034256559766764,6.755061728395062
2019-05-31,2019,FY19,39506.0,13535.0,11083.0,2.97,25971.0,8509.0,6026.0,1265.0,443.0,44.0,1689.0,2082.0,1092.0,1185.0,3732.0,3634.0,14551.0,1660.0,1230.0,1653.0,2932.0,36140.0,20514.0,17313.0,4494.0,,51673.0,,,0.0,578.0,108709.0,22363.0,46386.0,18630.0,5134.0,580.0,9043.0,6252.0,36200.0,0.62,2919.0,16454.0,12891.0,0.3426061864020655,0.32630486508378476,0.11408150642567522,-0.00815947377670656,2.3000000000000003,-0.04377880184331795,56167.0,37827.0,18340.0,1.1146225841740611,6.500960614793468
2020-05-31,2020,FY20,39068.0,13896.0,10135.0,3.08,25172.0,8094.0,6067.0,1181.0,250.0,56.0,1586.0,1995.0,527.0,1928.0,3294.0,3211.0,13139.0,1564.0,1382.0,1590.0,3070.0,19240.0,37239.0,5818.0,2371.0,,69226.0,,2098.0,0.0,643.0,115438.0,12717.0,52140.0,17200.0,5551.0,637.0,8599.0,6244.0,37000.0,0.62,2968.0,16864.0,11575.0,0.355687519197297,0.2962782840176103,0.1190349341654616,-0.01108692350529028,0.03703703703703698,-0.05783132530120483,71597.0,43057.0,28540.0,1.6923624288425048,6.965413533834586
2021-05-31,2021,FY21,40479.0,15213.0,13746.0,4.55,25266.0,7682.0,6527.0,1254.0,431.0,138.0,1379.0,2496.0,101.0,-747.0,3022.0,2945.0,15887.0,2135.0,1537.0,1837.0,3063.0,20934.0,30098.0,16456.0,8250.0,,75995.0,,2782.0,0.0,714.0,131107.0,5952.0,55567.0,24164.0,5409.0,745.0,9454.0,7049.0,41300.0,,2916.0,18129.0,13752.0,0.3758245015934188,0.33973171273993924,0.13438660540064204,0.03611651479471689,0.47727272727272707,0.36508951406649626,84245.0,46554.0,37691.0,2.0790446246345633,6.094951923076923
2022-05-31,2022,FY22,42440.0,10926.0,6717.0,2.41,31514.0,8047.0,7219.0,1317.0,191.0,4713.0,1150.0,2755.0,94.0,932.0,2786.0,2700.0,9539.0,4511.0,1972.0,2613.0,3457.0,16248.0,21383.0,519.0,3749.0,,72110.0,,3658.0,0.0,452.0,109297.0,-5768.0,31633.0,19511.0,5953.0,1317.0,9110.0,9716.0,46600.0,,3122.0,14048.0,5028.0,0.2574458058435438,0.11847313854853911,0.4729007233462627,0.04844487265001596,-0.4703296703296703,1.11288056206089,75859.0,21902.0,53957.0,3.8409026195899774,3.965880217785844
2023-05-31,2023,FY23,49954.0,13093.0,8503.0,3.07,36861.0,8833.0,8623.0,1579.0,490.0,190.0,3582.0,3505.0,285.0,623.0,2766.0,2696.0,17165.0,8695.0,2526.0,3547.0,3668.0,1300.0,9765.0,422.0,4061.0,,86420.0,,4849.0,0.0,483.0,134384.0,1556.0,21004.0,23090.0,6915.0,1204.0,9938.0,17069.0,67900.0,,6108.0,19201.0,8470.0,0.262101133042399,0.16955599151219122,0.5065540343722692,0.17704995287464653,0.27385892116182564,0.9275105298160053,90481.0,10187.0,80294.0,4.18176136659549,3.735520684736091
2024-05-31,2024,FY24,52961.0,15353.0,10467.0,3.71,37608.0,8274.0,8915.0,1548.0,404.0,314.0,3010.0,3514.0,451.0,1274.0,2823.0,2744.0,18673.0,6866.0,3129.0,3974.0,4391.0,1202.0,10454.0,207.0,10605.0,,76264.0,0.0,7545.0,0.0,535.0,140976.0,9239.0,22554.0,31544.0,7874.0,2357.0,10546.0,21536.0,97900.0,,6139.0,21492.0,11807.0,0.2898925624516153,0.22293763335284456,0.36769667434263376,0.060195379749369504,0.20846905537459293,-0.21035077630822308,86869.0,10661.0,76208.0,3.5458775358272847,4.3690950483779165
2025-05-31,2025,FY25,57399.0,17678.0,12443.0,4.34,39721.0,8651.0,9860.0,1602.0,299.0,75.0,2307.0,3578.0,578.0,1717.0,2866.0,2789.0,20821.0,21215.0,3867.0,4674.0,4743.0,600.0,10786.0,417.0,7271.0,,85297.0,2934.0,13450.0,0.0,518.0,168361.0,20969.0,24579.0,32643.0,8558.0,5113.0,10733.0,43522.0,137800.0,,6174.0,23852.0,-394.0,0.30798445965957594,-0.00686423108416523,1.0189232025359012,0.08379751137629587,0.16981132075471694,2.0898630935042237,92568.0,11203.0,81365.0,3.4112443400972663,4.940749021799888
2026-05-31,2026,FY26,67357.0,20606.0,17087.0,5.83,46751.0,8331.0,10272.0,1618.0,1779.0,,1671.0,4599.0,780.0,2467.0,2914.0,2860.0,31977.0,55663.0,7623.0,4811.0,5787.0,95.0,31289.0,605.0,7199.0,,122342.0,7701.0,30190.0,4954.0,548.0,261759.0,43056.0,46567.0,41764.0,10385.0,10977.0,15395.0,99957.0,638000.0,,9294.0,29900.0,-23686.0,0.30592217586887777,-0.351648677939932,1.7407198924226788,0.1734873429850694,0.3433179723502304,1.6237567758661324,129541.0,31894.0,97647.0,3.2657859531772577,4.480539247662535
