period_end,fiscal_year,fiscal_quarter,label,revenue,operating_income,net_income,eps_diluted,costs_and_expenses,sales_marketing,research_development,general_admin,restructuring,acquisition_related,amortization_intangibles_is,interest_expense,investment_income,income_tax,diluted_shares,basic_shares,ocf,capex,depreciation,sbc,dividends_paid,buybacks,cash,marketable_securities,debt_current,commercial_paper,debt_noncurrent,finance_lease_liability,operating_lease_liability,preferred_stock,minority_interest,total_assets,total_equity,current_assets,current_liabilities,receivables,payables,contract_liabilities,ppe_net,rpo,rpo_pct_next_12m,filed,shares_outstanding_cover,avail_date,release_date,cloud_revenue,cloud_growth,cloud_source,oci_revenue,oci_growth,oci_source,saas_revenue,saas_growth,saas_source,guid_rev_growth_lo,guid_rev_growth_hi,guid_cloud_growth_lo,guid_cloud_growth_hi,guid_eps_nongaap_lo,guid_eps_nongaap_hi,eps_nongaap_consensus,eps_nongaap_actual,eps_surprise_pct,d_and_a,ebitda,cost_of_revenue_proxy,gross_margin_proxy,operating_margin,ebitda_margin,net_margin,fcf,fcf_margin,ocf_margin,capex_to_ocf,capex_to_revenue,capex_to_da,revenue_ttm,operating_income_ttm,net_income_ttm,ebitda_ttm,ocf_ttm,capex_ttm,fcf_ttm,interest_expense_ttm,d_and_a_ttm,income_tax_ttm,sbc_ttm,dividends_paid_ttm,eps_diluted_ttm,fcf_margin_ttm,operating_margin_ttm,capex_to_ocf_ttm,capex_to_revenue_ttm,effective_tax_rate_ttm,total_debt,total_debt_incl_leases,cash_and_securities,net_debt,net_debt_incl_leases,debt_to_ebitda_ttm,net_debt_to_ebitda_ttm,interest_coverage_ttm,ebitda_interest_cover_ttm,net_debt_to_equity,nwc_proxy,revenue_yoy,operating_income_yoy,net_income_yoy,ebitda_yoy,ocf_yoy,capex_yoy,eps_diluted_yoy,rpo_yoy,ppe_net_yoy,d_and_a_yoy,revenue_ttm_yoy,eps_ttm_yoy,fcf_margin_yoy_change,fcf_ttm_change_yoy,rpo_qoq,rpo_to_ttm_revenue,rpo_to_next_q_revenue_run_rate,cloud_share_of_revenue,oci_share_of_revenue,incremental_oci_per_capex_lag4
2010-08-31,2011,1,FY11 Q1,7502.0,1917.0,,0.27,5585.0,1333.0,1103.0,272.0,129.0,83.0,603.0,196.0,34.0,443.0,5083.0,5026.0,3817.0,118.0,99.0,130.0,251.0,249.0,12018.0,,,,14778.0,,,0.0,406.0,65255.0,32512.0,30264.0,13800.0,3721.0,706.0,6903.0,2835.0,,,2010-09-29,5027.114,2010-09-17,2010-09-16,,,,,,,,,,,,,,,,0.37,0.42,15.04,702.0,2619.0,2062.0,0.7251399626766195,0.25553185817115437,0.34910690482537987,,3699.0,0.49306851506265,0.5087976539589443,0.030914330626146187,0.01572913889629432,0.16809116809116809,,,,,,,,,,,,,,,,,,,14778.0,14778.0,12018.0,2760.0,2760.0,,,,,0.08489173228346457,-3888.0,,,,,,,,,,,,,,,,,,,,
2010-11-30,2011,2,FY11 Q2,8582.0,2770.0,,0.36,5812.0,1530.0,1119.0,156.0,189.0,47.0,614.0,214.0,39.0,776.0,5117.0,5044.0,944.0,121.0,95.0,124.0,253.0,255.0,10420.0,,,,14780.0,,,0.0,438.0,67243.0,34850.0,32723.0,13336.0,4406.0,762.0,5742.0,2870.0,,,2010-12-21,5052.42,2010-12-17,2010-12-16,,,,,,,,,,,,,,,,0.45,0.51,12.1,709.0,3479.0,2157.0,0.7486599860172454,0.322768585411326,0.40538336052202284,,823.0,0.0958983919832207,0.10999766954089955,0.1281779661016949,0.014099277557678863,0.17066290550070523,,,,,,,,,,,,,,,,,,,14780.0,14780.0,10420.0,4360.0,4360.0,,,,,0.12510760401721666,-2098.0,,,,,,,,,,,,,,,,,,,,
2011-02-28,2011,3,FY11 Q3,8764.0,2987.0,,0.41,5777.0,1618.0,1127.0,286.0,92.0,30.0,612.0,204.0,45.0,683.0,5149.0,5057.0,2676.0,133.0,89.0,129.0,253.0,245.0,11864.0,,,,14752.0,,,0.0,442.0,67666.0,37059.0,32459.0,11282.0,4495.0,673.0,5849.0,2894.0,,,2011-03-29,5060.516,2011-03-25,2011-03-24,,,,,,,,,,,,,,,,0.5,0.54,9.08,701.0,3688.0,2012.0,0.7704244637151986,0.3408261068005477,0.42081241442263806,,2543.0,0.29016430853491554,0.3053400273847558,0.04970104633781764,0.015175718849840255,0.18972895863052783,,,,,,,,,,,,,,,,,,,14752.0,14752.0,11864.0,2888.0,2888.0,,,,,0.07792978763593189,-2027.0,,,,,,,,,,,,,,,,,,,,
2011-05-31,2011,4,FY11 Q4,10775.0,4359.0,,0.6299999999999999,6416.0,2097.0,1170.0,256.0,77.0,48.0,599.0,195.0,45.0,961.0,5163.0,5065.0,3777.0,78.0,85.0,127.0,304.0,411.0,16163.0,,1150.0,0.0,14772.0,,,0.0,469.0,73535.0,40245.0,39174.0,14192.0,6628.0,701.0,6802.0,2857.0,,,2011-06-28,5065.515,2011-06-24,2011-06-23,,,,,,,,,,,,,,,,0.71,0.75,5.04,684.0,5043.0,2169.0,0.7987006960556844,0.4045475638051044,0.4680278422273782,,3699.0,0.34329466357308586,0.3505336426914153,0.020651310563939634,0.0072389791183294664,0.11403508771929824,35623.0,12033.0,,14829.0,11214.0,450.0,10764.0,809.0,2796.0,2863.0,510.0,1061.0,1.67,0.3021643320326755,0.33778738455492235,0.04012841091492777,0.012632288128456334,,15922.0,15922.0,16163.0,-241.0,-241.0,1.0737069256187202,-0.01625193876862904,14.873918417799754,18.330037082818293,-0.005988321530624922,-875.0,,,,,,,,,,,,,,,,,,,,
2011-08-31,2012,1,FY12 Q1,8374.0,2683.0,1840.0,0.36,5691.0,1630.0,1050.0,311.0,101.0,19.0,592.0,192.0,57.0,631.0,5150.0,5062.0,5421.0,160.0,117.0,148.0,304.0,800.0,13162.0,,,,14789.0,,,0.0,347.0,73859.0,41239.0,39206.0,13056.0,4194.0,614.0,7925.0,2930.0,,,2011-09-23,5044.602,2011-09-21,2011-09-20,,,,,,,,,,,,,,,,0.47,0.48,3.13,709.0,3392.0,1988.0,0.7625985192261763,0.32039646524958204,0.4050632911392405,0.21972772868402196,5261.0,0.6282541198949129,0.6473608789109148,0.029514849658734552,0.01910675901600191,0.22566995768688294,36495.0,12799.0,,15602.0,12818.0,492.0,12326.0,805.0,2803.0,3051.0,528.0,1114.0,1.7599999999999998,0.33774489656117274,0.3507055761063159,0.038383523170541424,0.013481298808055897,,14789.0,14789.0,13162.0,1627.0,1627.0,0.9478912959876938,0.10428150237149084,15.899378881987577,19.38136645962733,0.03945294502776498,-4345.0,0.11623567048786998,0.39958268127282204,,0.2951508209240168,0.4202253078333771,0.35593220338983045,0.33333333333333326,,0.0335097001763669,0.009971509971509862,,,,,,,,,,
2011-11-30,2012,2,FY12 Q2,8792.0,3111.0,2192.0,0.42,5681.0,1697.0,1102.0,277.0,52.0,6.0,592.0,192.0,58.0,768.0,5123.0,5041.0,1255.0,129.0,109.0,152.0,303.0,998.0,13286.0,,,,14778.0,,,0.0,347.0,72910.0,42267.0,38482.0,11072.0,4434.0,445.0,6091.0,2900.0,,,2011-12-23,5025.837,2011-12-21,2011-12-20,,,,,,,,,,,,,,,,0.57,0.54,-5.31,701.0,3812.0,1955.0,0.777638762511374,0.35384440400363965,0.4335759781619654,0.24931756141947226,1126.0,0.12807097361237488,0.14274340309372158,0.10278884462151394,0.014672429481346679,0.1840228245363766,36705.0,13140.0,,15935.0,13129.0,500.0,12629.0,783.0,2795.0,3043.0,556.0,1164.0,1.82,0.34406756572674024,0.3579893747445852,0.03808363165511463,0.013622122326658494,,14778.0,14778.0,13286.0,1492.0,1492.0,0.9273925321619078,0.09363037339190461,16.7816091954023,20.351213282247766,0.03529940615610287,-2102.0,0.02446982055464919,0.1231046931407942,,0.09571716010347808,0.32944915254237284,0.06611570247933884,0.16666666666666674,,0.010452961672473782,-0.01128349788434413,,,,,,,,,,
2012-02-29,2012,3,FY12 Q3,9039.0,3317.0,2498.0,0.5,5722.0,1700.0,1145.0,261.0,64.0,38.0,606.0,190.0,60.0,650.0,5080.0,5007.0,3010.0,142.0,124.0,175.0,302.0,1659.0,13781.0,,0.0,,14777.0,,,0.0,393.0,74361.0,43266.0,37538.0,11632.0,4656.0,442.0,6285.0,2936.0,,,2012-03-23,4975.106,2012-03-21,2012-03-20,,,,,,,,,,,,,,,,0.56,0.62,10.36,730.0,4047.0,1908.0,0.7889147029538666,0.3669653722756942,0.44772651842017924,0.27635800420400486,2868.0,0.31729173581148357,0.33300143821219164,0.04717607973421927,0.015709702400708042,0.19452054794520549,36980.0,13470.0,,16294.0,13463.0,509.0,12954.0,769.0,2824.0,3010.0,602.0,1213.0,1.91,0.3502974580854516,0.36425094645754463,0.03780732377627572,0.01376419686316928,,14777.0,14777.0,13781.0,996.0,996.0,0.9068982447526697,0.061126795139315085,17.516254876462938,21.188556566970092,0.023020385522118984,-2071.0,0.03137836604290278,0.11047874121191836,,0.09734273318872022,0.12481315396113613,0.06766917293233088,0.2195121951219512,,0.014512785072563927,0.041369472182596345,,,,,,,,,,
2012-05-31,2012,4,FY12 Q4,10916.0,4595.0,3452.0,0.6799999999999999,6321.0,2100.0,1226.0,278.0,78.0,-7.0,640.0,192.0,56.0,931.0,5027.0,4950.0,4057.0,217.0,136.0,185.0,296.0,2399.0,14955.0,,2950.0,0.0,13524.0,,,0.0,399.0,78327.0,44087.0,40023.0,15388.0,6377.0,438.0,7035.0,3021.0,,,2012-06-26,4882.506,2012-06-19,2012-06-18,,,,,,,,,,,,,,,,0.78,0.82,4.7,776.0,5371.0,2006.0,0.8162330524001465,0.42094173689996334,0.4920300476364969,0.3162330524001466,3840.0,0.3517772077684133,0.37165628435324294,0.05348779886615726,0.019879076584829607,0.27963917525773196,37121.0,13706.0,9982.0,16622.0,13743.0,648.0,13095.0,766.0,2916.0,2980.0,660.0,1205.0,1.96,0.35276528110772876,0.36922496699981144,0.047151277013752456,0.01745642628161957,0.22990279277889214,16474.0,16474.0,14955.0,1519.0,1519.0,0.991096137648899,0.09138491156298881,17.89295039164491,21.699738903394255,0.034454601129584685,-1096.0,0.013085846867749495,0.05414085799495294,,0.06504065040650397,0.07413290971670627,1.782051282051282,0.07936507936507953,,0.0574028701435072,0.13450292397660824,0.042051483592061345,0.17365269461077837,0.05060094907505325,2331.0,,,,,,
2012-08-31,2013,1,FY13 Q1,8181.0,2879.0,2034.0,0.41,5302.0,1545.0,1201.0,275.0,145.0,-258.0,619.0,188.0,57.0,668.0,4939.0,4867.0,5671.0,139.0,127.0,193.0,292.0,3076.0,15667.0,,1250.0,,13521.0,,,0.0,407.0,76558.0,43736.0,38172.0,13955.0,3775.0,388.0,8316.0,3037.0,,,2012-09-24,4819056000.0,2012-09-21,2012-09-20,,,,,,,,,,,,,,,,0.53,0.53,-0.56,746.0,3625.0,1775.0,0.7830338589414497,0.3519129690746852,0.4430998655421098,0.24862486248624863,5532.0,0.6762009534286763,0.6931915413763599,0.024510668312466937,0.01699058794768366,0.1863270777479893,36928.0,13902.0,10176.0,16855.0,13993.0,627.0,13366.0,762.0,2953.0,3017.0,705.0,1193.0,2.0100000000000002,0.36194757365684577,0.37646230502599654,0.04480811834488673,0.016978986135181975,0.22868187675282348,14771.0,14771.0,15667.0,-896.0,-896.0,0.8763571640462771,-0.05315929991100564,18.244094488188978,22.11942257217848,-0.020486555697823303,-4929.0,-0.023047528063052325,0.07305255311218795,0.10543478260869565,0.06869103773584895,0.04611695259177284,-0.13124999999999998,0.13888888888888884,,0.036518771331057964,0.0521861777150916,0.011864638991642584,0.1420454545454548,0.02420267709567303,1040.0,,,,,,
2012-11-30,2013,2,FY13 Q2,9094.0,3471.0,2581.0,0.53,5623.0,1773.0,1199.0,263.0,131.0,-121.0,584.0,195.0,61.0,699.0,4868.0,4792.0,795.0,212.0,134.0,192.0,291.0,2996.0,15912.0,,1250.0,,18507.0,,,0.0,427.0,79657.0,43410.0,41129.0,12347.0,4401.0,372.0,6504.0,3093.0,,,2012-12-21,4734.297,2012-12-19,2012-12-18,,,,,,,,,,,,,,,,0.61,0.64,5.05,718.0,4189.0,1794.0,0.8027270727952496,0.38168022872223445,0.46063338464921927,0.283813503408841,583.0,0.0641082032109083,0.08742027710578404,0.26666666666666666,0.023312073894875742,0.29526462395543174,37230.0,14262.0,10565.0,17232.0,13533.0,710.0,12823.0,765.0,2970.0,2948.0,745.0,1181.0,2.12,0.344426537738383,0.3830781627719581,0.05246434641247321,0.0190706419554123,0.21816029009102345,19757.0,19757.0,15912.0,3845.0,3845.0,1.1465297121634168,0.2231313834726091,18.643137254901962,22.525490196078433,0.08857406127620364,-2475.0,0.0343494085532301,0.11571841851494691,0.17746350364963503,0.09889821615949623,-0.3665338645418327,0.6434108527131783,0.2619047619047621,,0.06655172413793098,0.024251069900142586,0.014303228442991367,0.16483516483516492,0.0003589720116427553,194.0,,,,,,
2013-02-28,2013,3,FY13 Q3,8958.0,3334.0,2504.0,0.52,5624.0,1802.0,1186.0,260.0,42.0,33.0,586.0,205.0,62.0,586.0,4812.0,4735.0,3194.0,116.0,139.0,180.0,850.0,2132.0,16101.0,,1250.0,,18502.0,,,0.0,442.0,79450.0,43790.0,40686.0,11916.0,4169.0,361.0,6278.0,3034.0,,,2013-03-22,4710.658,2013-03-21,2013-03-20,,,,,,,,,,,,,,,,0.66,0.65,-1.9,725.0,4059.0,1715.0,0.8085510158517526,0.372181290466622,0.4531145344943068,0.27952668006251397,3078.0,0.3436034829202947,0.3565528019647243,0.036318096430807766,0.01294931904442956,0.16,37149.0,14279.0,10571.0,17244.0,13717.0,684.0,13033.0,780.0,2965.0,2884.0,750.0,1729.0,2.1399999999999997,0.3508304395811462,0.3843710463269536,0.04986513085951739,0.01841233949769846,0.21434410999628392,19752.0,19752.0,16101.0,3651.0,3651.0,1.1454418928322896,0.2117258176757133,18.306410256410256,22.107692307692307,0.08337519981730988,-2470.0,-0.00896116827082638,0.0051251130539644585,0.0024019215372297342,0.002965159377316562,0.061129568106312204,-0.18309859154929575,0.040000000000000036,,0.033378746594005415,-0.006849315068493178,0.00457003785830179,0.12041884816753923,0.0005329814956945844,79.0,,,,,,
2013-05-31,2013,4,FY13 Q4,10947.0,5000.0,3806.0,0.7999999999999998,5947.0,2208.0,1264.0,274.0,34.0,-257.0,596.0,209.0,57.0,1020.0,4757.0,4682.0,4564.0,183.0,146.0,189.0,0.0,2817.0,14613.0,,,0.0,18494.0,,,0.0,497.0,81812.0,45145.0,41692.0,12872.0,6049.0,419.0,7118.0,3053.0,,,2013-06-26,4630.807,2013-06-21,2013-06-20,,,,,,,,,,,,,,,,0.88,0.87,-0.66,742.0,5742.0,1828.0,0.8330136110349867,0.4567461404951128,0.5245272677445876,0.34767516214487987,4381.0,0.40020096830181784,0.41691787704393896,0.04009640666082384,0.016716908742121128,0.24663072776280323,37180.0,14684.0,10925.0,17615.0,14224.0,650.0,13574.0,797.0,2931.0,2973.0,754.0,1433.0,2.26,0.3650887573964497,0.3949435180204411,0.04569741282339707,0.017482517482517484,0.21391567131961434,18494.0,18494.0,14613.0,3881.0,3881.0,1.0499006528526824,0.22032358785126313,18.424090338770387,22.101631116687578,0.08596743825451324,-1488.0,0.0028398680835470813,0.08813928182807396,0.10254924681344146,0.06907466021225095,0.12496918905595278,-0.15668202764976957,0.17647058823529393,,0.010592519033432612,-0.04381443298969068,0.0015893968373696943,0.15306122448979576,0.012323476288720936,479.0,,,,,,
2013-08-31,2014,1,FY14 Q1,8372.0,2873.0,2191.0,0.47,5499.0,1708.0,1237.0,260.0,56.0,10.0,595.0,217.0,57.0,472.0,4674.0,4608.0,6292.0,153.0,150.0,200.0,554.0,2968.0,19664.0,,1533.0,,22575.0,,,0.0,445.0,86406.0,43986.0,45457.0,14526.0,3450.0,367.0,8524.0,3052.0,,,2013-09-20,4557.459,2013-09-19,2013-09-18,,,,,,,,,,,,,,,,0.56,0.59,5.12,745.0,3618.0,1633.0,0.804945054945055,0.34316770186335405,0.43215480172001913,0.2617056856187291,6139.0,0.7332775919732442,0.7515527950310559,0.02431659249841068,0.018275203057811752,0.20536912751677852,37371.0,14678.0,11082.0,17608.0,14845.0,664.0,14181.0,826.0,2930.0,2777.0,761.0,1695.0,2.32,0.37946536084129406,0.3927644430173129,0.04472886493768946,0.017767787856894382,0.2003752074464247,24108.0,24108.0,19664.0,4444.0,4444.0,1.3691503861880963,0.2523852794184462,17.769975786924938,21.317191283292978,0.10103214659209749,-5441.0,0.02334677912235672,-0.002084056964223646,0.07718780727630281,-0.0019310344827586645,0.10950449656145311,0.1007194244604317,0.14634146341463405,,0.004939084622983314,-0.0013404825737265424,0.01199631715771221,0.1542288557213929,0.017517787184448297,815.0,,,,,,
2013-11-30,2014,2,FY14 Q2,9275.0,3410.0,2553.0,0.56,5865.0,1965.0,1273.0,262.0,52.0,17.0,577.0,230.0,65.0,650.0,4600.0,4535.0,1146.0,126.0,152.0,183.0,545.0,2833.0,14894.0,,1525.0,,22641.0,,,0.0,503.0,85238.0,44066.0,44252.0,13110.0,4192.0,408.0,6667.0,3039.0,,,2013-12-20,4497.409,2013-12-19,2013-12-18,,,,,,,,,,,,,,,,0.67,0.69,2.63,729.0,4139.0,1719.0,0.8146630727762804,0.36765498652291106,0.4462533692722372,0.27525606469002695,1020.0,0.10997304582210242,0.12355795148247978,0.1099476439790576,0.013584905660377358,0.1728395061728395,37552.0,14617.0,11054.0,17558.0,15196.0,578.0,14618.0,861.0,2941.0,2728.0,752.0,1949.0,2.3499999999999996,0.38927354069024284,0.3892469109501491,0.038036325348776,0.015391989774179804,0.19793934116964157,24166.0,24166.0,14894.0,9272.0,9272.0,1.3763526597562366,0.5280783688347193,16.97677119628339,20.392566782810686,0.2104116552444061,-2883.0,0.01990323290081375,-0.017574186113511914,-0.010848508330104645,-0.011936022917164002,0.44150943396226405,-0.4056603773584906,0.05660377358490565,,-0.01745877788554806,0.01532033426183843,0.008648939027665836,0.10849056603773555,0.04484700295185984,1795.0,,,,,,
2014-02-28,2014,3,FY14 Q3,9307.0,3567.0,2565.0,0.56,5740.0,1928.0,1292.0,251.0,38.0,-6.0,560.0,228.0,67.0,684.0,4575.0,4496.0,3027.0,147.0,150.0,198.0,541.0,2040.0,16832.0,,1516.0,,22677.0,,,0.0,528.0,86562.0,45235.0,44404.0,13092.0,4071.0,396.0,6473.0,3052.0,,,2014-03-20,4458.886,2014-03-19,2014-03-18,,,,,,,,,,,,,,,,0.7,0.68,-2.95,710.0,4277.0,1677.0,0.8198130439454174,0.3832599118942731,0.4595465778446331,0.2755990114967229,2880.0,0.30944450413667135,0.32523906736864727,0.048562933597621406,0.015794563231975933,0.20704225352112676,37901.0,14850.0,11115.0,17776.0,15029.0,609.0,14420.0,884.0,2926.0,2826.0,770.0,1640.0,2.3899999999999997,0.38046489538534606,0.39181024247381335,0.04052165812761994,0.016068177620643255,0.2027114267269206,24193.0,24193.0,16832.0,7361.0,7361.0,1.3609923492349234,0.4140976597659766,16.79864253393665,20.108597285067873,0.1627279761246822,-2798.0,0.03895958919401643,0.06988602279544098,0.024361022364217222,0.05370780980537071,-0.05228553537883529,0.26724137931034475,0.0769230769230771,,0.005932762030323113,-0.020689655172413834,0.02024280599746975,0.11682242990654212,0.029634455804199877,1387.0,,,,,,
2014-05-31,2014,4,FY14 Q4,11320.0,4909.0,3646.0,0.7999999999999998,6411.0,1966.0,1348.0,265.0,37.0,20.0,568.0,240.0,74.0,942.0,4567.0,4473.0,4456.0,154.0,156.0,222.0,538.0,1972.0,17769.0,,1508.0,0.0,22667.0,,,0.0,569.0,90344.0,47447.0,48138.0,14389.0,6087.0,471.0,7269.0,3061.0,,,2014-06-26,4454.889,2014-06-20,2014-06-19,,,,,,,,,,,,,,,,0.95,0.92,-3.64,724.0,5633.0,2207.0,0.805035335689046,0.4336572438162544,0.4976148409893993,0.3220848056537102,4302.0,0.38003533568904596,0.39363957597173144,0.034560143626570915,0.013604240282685512,0.212707182320442,38274.0,14759.0,10955.0,17667.0,14921.0,580.0,14341.0,915.0,2908.0,2748.0,803.0,2178.0,2.3899999999999997,0.3746930030830329,0.38561425510790615,0.038871389317069904,0.015153890369441396,0.20054002773115376,24175.0,24175.0,17769.0,6406.0,6406.0,1.3683704081055075,0.362596932133356,16.130054644808745,19.308196721311475,0.13501380487702067,-1653.0,0.03407326208093542,-0.018199999999999994,-0.042038885969521766,-0.018982932776036243,-0.02366345311130591,-0.1584699453551912,0.0,,0.0026203734032099746,-0.02425876010781669,0.029424421732114014,0.05752212389380529,0.00960424568658319,767.0,,,,,,
2014-08-31,2015,1,FY15 Q1,8596.0,2963.0,2184.0,0.48,5633.0,1706.0,1329.0,276.0,69.0,25.0,547.0,261.0,89.0,534.0,4548.0,4451.0,6728.0,201.0,160.0,215.0,537.0,2000.0,24179.0,,,,32567.0,,,0.0,577.0,99726.0,47931.0,58194.0,13377.0,3551.0,423.0,8939.0,3086.0,,,2014-09-23,4431.304,2014-09-19,2014-09-18,,,,,,,,,,,,,,,,0.64,0.62,-2.91,707.0,3670.0,1681.0,0.8044439274080968,0.34469520707305723,0.42694276407631454,0.254071661237785,6527.0,0.7593066542577943,0.7826896230805026,0.029875148632580263,0.023382968822708235,0.2842998585572843,38498.0,14849.0,10948.0,17719.0,15357.0,628.0,14729.0,959.0,2870.0,2810.0,818.0,2161.0,2.4,0.3825913034443348,0.3857083484856356,0.04089340365956893,0.016312535716141097,0.2042448030236953,32567.0,32567.0,24179.0,8388.0,8388.0,1.8379705400981996,0.4733901461707771,15.483837330552658,18.476538060479665,0.17500156474932715,-5811.0,0.026755852842809347,0.031326139923425034,-0.0031948881789137795,0.014372581536760576,0.06929434202161477,0.3137254901960784,0.02127659574468077,,0.011140235910878094,-0.051006711409395944,0.030157073666746914,0.034482758620689724,0.003125942603040721,548.0,,,,,,
2014-11-30,2015,2,FY15 Q2,9598.0,3542.0,2502.0,0.56,6056.0,1897.0,1389.0,272.0,51.0,-21.0,568.0,282.0,79.0,767.0,4505.0,4417.0,1062.0,225.0,164.0,241.0,533.0,2087.0,16153.0,,,,32456.0,,,0.0,419.0,98305.0,47962.0,52040.0,11985.0,4326.0,490.0,6816.0,3169.0,,,2014-12-19,4391.367,2014-12-18,2014-12-17,,,,,,,,,,,,,,,,0.68,0.69,1.05,732.0,4274.0,1900.0,0.8020420921025213,0.36903521566993125,0.4453011043967493,0.2606793081892061,837.0,0.08720566784746822,0.1106480516774328,0.211864406779661,0.023442383829964577,0.3073770491803279,38821.0,14981.0,10897.0,17854.0,15273.0,727.0,14546.0,1011.0,2873.0,2927.0,876.0,2149.0,2.4,0.37469410885860743,0.3858993843538291,0.04760034047011065,0.018726977666726773,0.2117332175925926,32456.0,32456.0,16153.0,16303.0,16303.0,1.8178559426459058,0.913128710653075,14.818001978239367,17.659742828882294,0.33991493265501854,-2980.0,0.03482479784366577,0.03870967741935494,-0.0199764982373678,0.03261657405170326,-0.0732984293193717,0.7857142857142858,0.0,,0.04277722935176054,0.004115226337448652,0.033793140178951964,0.021276595744680993,-0.014579431831635403,-72.0,,,,,,
2015-02-28,2015,3,FY15 Q3,9327.0,3383.0,2495.0,0.56,5944.0,1839.0,1370.0,252.0,48.0,8.0,527.0,273.0,82.0,655.0,4494.0,4389.0,2263.0,368.0,178.0,234.0,530.0,1992.0,13701.0,,1999.0,,30258.0,,,0.0,437.0,98816.0,48532.0,51294.0,13792.0,4178.0,626.0,6443.0,3335.0,,,2015-03-19,4367.07,2015-03-18,2015-03-17,,,,,,,,,,,,,,,,0.68,0.68,-0.22,705.0,4088.0,1900.0,0.7962903398734855,0.36271041063578857,0.4382974161037847,0.2675029484292913,1895.0,0.2031735820735499,0.24262892677173797,0.16261599646486966,0.03945534469818806,0.5219858156028369,38841.0,14797.0,10827.0,17665.0,14509.0,948.0,13561.0,1056.0,2868.0,2898.0,912.0,2138.0,2.4,0.3491413712314307,0.3809634149481218,0.06533875525535875,0.02440719857882135,0.21114754098360655,32257.0,32257.0,13701.0,18556.0,18556.0,1.826040192470988,1.050438720634022,14.012310606060606,16.728219696969695,0.38234566883705595,-2891.0,0.0021489201676156977,-0.051583964115503256,-0.02729044834307992,-0.04418985270049103,-0.25239511067063103,1.5034013605442178,0.0,,0.09272608125819137,-0.007042253521126751,0.024801456425951773,0.004184100418410219,-0.03132352415391537,-859.0,,,,,,
2015-05-31,2015,4,FY15 Q4,10706.0,3982.0,2757.0,0.6199999999999999,6724.0,2212.0,1436.0,278.0,39.0,199.0,507.0,326.0,99.0,940.0,4465.0,4359.0,4283.0,597.0,210.0,244.0,655.0,2008.0,21716.0,,1999.0,0.0,39959.0,,,0.0,435.0,110903.0,49098.0,63183.0,15291.0,5618.0,806.0,7245.0,3686.0,,,2015-06-25,4336.077,2015-06-18,2015-06-17,,,,,,,,,,,,,,,,0.86,0.78,-9.79,717.0,4699.0,2053.0,0.808238371006912,0.37194096768167384,0.43891275920044837,0.2575191481412292,3686.0,0.3442929198580235,0.4000560433401831,0.1393882792435209,0.05576312348215954,0.8326359832635983,38227.0,13870.0,9938.0,16731.0,14336.0,1391.0,12945.0,1142.0,2861.0,2896.0,934.0,2255.0,2.2199999999999998,0.3386349962068695,0.3628325529076307,0.09702845982142858,0.03638789337379339,0.22565061555243884,41958.0,41958.0,21716.0,20242.0,20242.0,2.507799892415277,1.2098499790807482,12.145359019264449,14.65061295971979,0.41227748584463725,-2433.0,-0.0542402826855124,-0.18883683031167242,-0.243828853538124,-0.16580862772945149,-0.038824057450628335,2.8766233766233764,-0.22499999999999998,,0.20418163998693228,-0.00966850828729282,-0.0012279876678685797,-0.07112970711297073,-0.036058006876163395,-1396.0,,,,,,
2015-08-31,2016,1,FY16 Q1,8448.0,2654.0,1747.0,0.4,5794.0,1731.0,1390.0,257.0,83.0,31.0,452.0,374.0,117.0,563.0,4412.0,4317.0,5856.0,446.0,219.0,253.0,650.0,2846.0,16739.0,,2000.0,,40050.0,,,0.0,441.0,109706.0,47538.0,62122.0,15391.0,3475.0,422.0,9078.0,3896.0,,,2015-09-18,4268.744,2015-09-17,2015-09-16,,,,,,,,,,,,,,,,0.52,0.53,1.31,671.0,3325.0,1850.0,0.7810132575757576,0.31415719696969696,0.3935842803030303,0.20679450757575757,5410.0,0.6403882575757576,0.6931818181818182,0.07616120218579235,0.05279356060606061,0.6646795827123696,38079.0,13561.0,9501.0,16386.0,13464.0,1636.0,11828.0,1255.0,2825.0,2925.0,972.0,2368.0,2.14,0.3106174006670343,0.356128049581134,0.12150920974450387,0.04296331311221408,0.23539352969579913,42050.0,42050.0,16739.0,25311.0,25311.0,2.5662150616379837,1.544672281215672,10.805577689243028,13.056573705179282,0.5324372081282343,-6025.0,-0.017217310376919537,-0.10428619642254466,-0.20009157509157505,-0.09400544959128065,-0.12960760998810938,1.2189054726368158,-0.16666666666666663,,0.26247569669475057,-0.0509193776520509,-0.010883682269208772,-0.10833333333333328,-0.07197390277730048,-2901.0,,,,,,
2015-11-30,2016,2,FY16 Q2,8993.0,2955.0,2197.0,0.51,6038.0,1945.0,1444.0,285.0,95.0,-6.0,423.0,371.0,123.0,471.0,4316.0,4239.0,501.0,195.0,210.0,254.0,636.0,3412.0,17411.0,,2000.0,,39940.0,,,0.0,408.0,106483.0,46332.0,58618.0,13754.0,3956.0,415.0,6998.0,3855.0,,,2015-12-18,4201.22,2015-12-17,2015-12-16,,,,,,,,,,,,,,,,0.6,0.63,4.98,633.0,3588.0,1852.0,0.7940620482597576,0.32858890247970646,0.3989769820971867,0.24430112309574112,306.0,0.034026465028355386,0.05570999666407206,0.38922155688622756,0.02168353163571667,0.3080568720379147,37474.0,12974.0,9196.0,15700.0,12903.0,1606.0,11297.0,1344.0,2726.0,2629.0,985.0,2471.0,2.09,0.301462347227411,0.3462133746063938,0.12446717817561807,0.04285638042376047,0.22232558139534883,41940.0,41940.0,17411.0,24529.0,24529.0,2.6713375796178345,1.5623566878980892,9.65327380952381,11.681547619047619,0.5294181127514461,-3457.0,-0.06303396540946027,-0.16572557876905702,-0.12190247801758591,-0.16050538137576043,-0.5282485875706215,-0.1333333333333333,-0.0892857142857143,,0.21647207320921424,-0.13524590163934425,-0.034697715154169084,-0.12916666666666665,-0.07323176163119643,-3249.0,,,,,,
2016-02-29,2016,3,FY16 Q3,9012.0,3027.0,2142.0,0.5,5985.0,1903.0,1419.0,290.0,115.0,10.0,408.0,360.0,141.0,590.0,4256.0,4182.0,3474.0,368.0,214.0,260.0,632.0,2209.0,15583.0,,,,40106.0,,,0.0,466.0,104894.0,46336.0,57069.0,11825.0,3844.0,410.0,6912.0,4011.0,,,2016-03-18,4149.865,2016-03-16,2016-03-15,,,,,,,,,,,,,,,,0.62,0.64,3.25,622.0,3649.0,1840.0,0.7958277851753218,0.3358854860186418,0.4049045716822015,0.23768308921438083,3106.0,0.34465157567687527,0.3854860186418109,0.10592976396085205,0.040834442964935644,0.5916398713826366,37159.0,12618.0,8843.0,15261.0,14114.0,1606.0,12508.0,1431.0,2643.0,2564.0,1011.0,2573.0,2.03,0.33660755133345893,0.33956780322398344,0.11378772849652827,0.04321967760165774,0.22477426141842727,40106.0,40106.0,15583.0,24523.0,24523.0,2.628006028438503,1.6069064936766921,8.817610062893081,10.664570230607966,0.5292429212707183,-3478.0,-0.03377291733676424,-0.10523204256577001,-0.1414829659318637,-0.10738747553816042,0.5351303579319486,0.0,-0.1071428571428572,,0.20269865067466264,-0.11773049645390066,-0.043304755284364504,-0.15416666666666667,-0.012533819897971754,-1053.0,,,,,,
2016-05-31,2016,4,FY16 Q4,10594.0,3968.0,2814.0,0.6599999999999999,6626.0,2306.0,1534.0,323.0,165.0,7.0,355.0,362.0,156.0,918.0,4236.0,4146.0,3730.0,180.0,228.0,269.0,623.0,1973.0,20152.0,,3750.0,0.0,40105.0,,,0.0,501.0,112180.0,47790.0,64313.0,17208.0,5385.0,504.0,7655.0,4000.0,,,2016-06-22,4122.73,2016-06-17,2016-06-16,,,,,,,,,,,,,,,,0.82,0.81,-0.68,583.0,4551.0,1936.0,0.8172550500283179,0.3745516329998112,0.42958278270719275,0.265622050217104,3550.0,0.33509533698319804,0.3520860864640363,0.04825737265415549,0.01699074948083821,0.30874785591766724,37047.0,12604.0,8900.0,15113.0,13561.0,1189.0,12372.0,1467.0,2509.0,2542.0,1036.0,2541.0,2.07,0.33395416632925745,0.34021648176640484,0.08767789985989234,0.03209436661538046,0.22216395735011363,43855.0,43855.0,20152.0,23703.0,23703.0,2.9018063918480776,1.5683848342486602,8.591683708248125,10.301976823449216,0.49598242310106716,-2774.0,-0.010461423500840672,-0.0035158211953791874,0.020674646354733373,-0.03149606299212604,-0.12911510623394817,-0.6984924623115578,0.06451612903225823,,0.08518719479110137,-0.1868898186889819,-0.030868234493944047,-0.06756756756756754,-0.004680829877612036,-573.0,,,,,,
2016-08-31,2017,1,FY17 Q1,8595.0,2641.0,1832.0,0.43,5954.0,1919.0,1520.0,315.0,99.0,14.0,311.0,416.0,177.0,541.0,4221.0,4119.0,5875.0,299.0,222.0,319.0,618.0,2002.0,28614.0,,999.0,,53057.0,,,0.0,397.0,123223.0,47832.0,74451.0,15142.0,3407.0,551.0,9462.0,4108.0,,,2016-09-19,4105.567,2016-09-16,2016-09-15,,,,,,,,,,,,,,,,0.58,0.55,-5.06,533.0,3174.0,1776.0,0.793368237347295,0.30727166957533447,0.3692844677137871,0.21314717859220478,5576.0,0.6487492728330425,0.6835369400814427,0.050893617021276594,0.03478766724840023,0.5609756097560976,37194.0,12591.0,8985.0,14962.0,13580.0,1042.0,12538.0,1509.0,2371.0,2520.0,1102.0,2509.0,2.1,0.33709738129805883,0.3385223423132763,0.07673048600883653,0.02801527128031403,0.21903520208604954,54056.0,54056.0,28614.0,25442.0,25442.0,3.612885977810453,1.7004411174976608,8.343936381709742,9.915175612988735,0.5319033283157719,-6606.0,0.01740056818181812,-0.004898266767143888,0.04865483686319405,-0.04541353383458646,0.0032445355191257352,-0.32959641255605376,0.07499999999999996,,0.054414784394250404,-0.2056631892697467,-0.023241156542976427,-0.01869158878504673,0.026479980631024524,710.0,,,,,,
2016-11-30,2017,2,FY17 Q2,9035.0,3037.0,2032.0,0.49,5998.0,1960.0,1510.0,303.0,86.0,40.0,302.0,451.0,204.0,653.0,4195.0,4104.0,1086.0,757.0,241.0,327.0,614.0,567.0,18592.0,,3838.0,,50489.0,,,0.0,383.0,123600.0,48845.0,64734.0,16347.0,3690.0,615.0,7411.0,4882.0,,,2016-12-19,4102.353,2016-12-16,2016-12-15,,,,,,,,,,,,,,,,0.6,0.61,1.74,543.0,3580.0,1797.0,0.8011068068622025,0.3361372440509131,0.39623685666851133,0.22490315439955727,329.0,0.03641394576646375,0.12019922523519645,0.6970534069981584,0.08378527946873271,1.3941068139963169,37236.0,12673.0,8820.0,14954.0,14165.0,1604.0,12561.0,1589.0,2281.0,2702.0,1175.0,2487.0,2.0799999999999996,0.33733483725427005,0.34034267912772587,0.11323685139428168,0.04307659254484907,0.2345078979343864,54327.0,54327.0,18592.0,35735.0,35735.0,3.6329410191253175,2.3896616289955865,7.9754562617998745,9.410950283196978,0.7315999590541509,-4336.0,0.0046702991215390455,0.027749576988155722,-0.07510241238051885,-0.0022296544035674826,1.1676646706586826,2.882051282051282,-0.03921568627450989,,0.26640726329442277,-0.14218009478672988,-0.006351070075252152,-0.004784688995215447,0.03587249002685905,1264.0,,,,,,
2017-02-28,2017,3,FY17 Q3,9205.0,2959.0,2239.0,0.53,6246.0,2004.0,1521.0,241.0,161.0,30.0,397.0,450.0,197.0,459.0,4204.0,4107.0,2699.0,440.0,259.0,371.0,612.0,498.0,19748.0,,3498.0,,50469.0,,,0.0,408.0,125382.0,51023.0,66011.0,15790.0,3721.0,481.0,7388.0,5070.0,,,2017-03-17,4114.684,2017-03-16,2017-03-15,,,,,,,,,,,,,,,,0.62,0.69,11.75,656.0,3615.0,1892.0,0.7944595328625746,0.32145573058120586,0.39272134709397066,0.24323737099402498,2259.0,0.24541010320478002,0.29321021184139057,0.16302334197851057,0.047800108636610536,0.6707317073170732,37429.0,12605.0,8917.0,14920.0,13390.0,1676.0,11714.0,1679.0,2315.0,2571.0,1286.0,2467.0,2.11,0.31296588207005266,0.3367709530043549,0.1251680358476475,0.044778113227711136,0.22379874651810586,53967.0,53967.0,19748.0,34219.0,34219.0,3.6170911528150134,2.2934986595174265,7.507444907683145,8.886241810601549,0.6706583305568077,-4148.0,0.02141588992454513,-0.02246448629005615,0.04528478057889829,-0.009317621266100251,-0.22308578008059876,0.19565217391304346,0.06000000000000005,,0.26402393418100223,0.05466237942122176,0.00726607282219649,0.039408866995073843,-0.023641669263406273,-794.0,,,,,,
2017-05-31,2017,4,FY17 Q4,10893.0,4074.0,3232.0,0.76,6819.0,2314.0,1608.0,317.0,117.0,19.0,441.0,481.0,224.0,529.0,4248.0,4130.0,4466.0,525.0,278.0,333.0,787.0,494.0,21784.0,,9797.0,,48112.0,,,0.0,386.0,134991.0,54246.0,74515.0,24178.0,5300.0,599.0,8233.0,5315.0,,,2017-06-27,4136.682,2017-06-22,2017-06-21,,,,,,,,,,,,,,,,0.78,0.89,13.58,719.0,4793.0,2003.0,0.8161204443220417,0.37400165243734507,0.44000734416597814,0.2967043055173047,3941.0,0.36179197649866884,0.4099880657302855,0.11755485893416928,0.04819608923161663,0.7301808066759388,37728.0,12711.0,9335.0,15162.0,14126.0,2021.0,12105.0,1798.0,2451.0,2182.0,1350.0,2631.0,2.21,0.3208492366412214,0.3369115776081425,0.14306951720232197,0.05356764206955047,0.18945906051923245,57909.0,57909.0,21784.0,36125.0,36125.0,3.8193510091017018,2.3826012399419603,7.06952169076752,8.432703003337041,0.6659477196475316,-3532.0,0.02822352274872575,0.02671370967741926,0.14854299928926795,0.05317512634585797,0.19731903485254687,1.9166666666666665,0.1515151515151516,,0.3287500000000001,0.23327615780445976,0.018382055227143868,0.06763285024154597,-0.01310492968803606,-267.0,,,,,,
2017-08-31,2018,1,FY18 Q1,9187.0,2821.0,2210.0,0.52,6366.0,1992.0,1574.0,320.0,124.0,12.0,411.0,469.0,257.0,375.0,4284.0,4156.0,6566.0,473.0,285.0,403.0,788.0,502.0,21321.0,,4998.0,,48293.0,,,0.0,407.0,133597.0,56366.0,73335.0,20226.0,3591.0,593.0,10269.0,5586.0,,,2017-09-18,4173.053,2017-09-15,2017-09-14,,,,,,,,,,,,,,,,0.6,0.62,2.68,696.0,3517.0,1933.0,0.7895939915097421,0.30706433003156636,0.38282355502340265,0.24055730924131927,6093.0,0.663219767062153,0.7147055622074671,0.0720377703320134,0.05148579514531403,0.6795977011494253,38320.0,12891.0,9713.0,15505.0,14817.0,2195.0,12622.0,1851.0,2614.0,2016.0,1434.0,2801.0,2.3,0.329384133611691,0.3364039665970772,0.148140649254235,0.05728079331941545,0.17188166084065137,53291.0,53291.0,21321.0,31970.0,31970.0,3.437020316027088,2.0619155111254432,6.964343598055105,8.37655321447866,0.5671858922045204,-7271.0,0.0688772542175684,0.0681560015145779,0.20633187772925754,0.10806553245116568,0.11761702127659568,0.5819397993311037,0.2093023255813955,,0.3597857838364167,0.30581613508442773,0.03027370005914931,0.09523809523809512,-0.00771324768636783,84.0,,,,,,
2017-11-30,2018,2,FY18 Q2,9621.0,3069.0,2233.0,0.52,6552.0,2082.0,1475.0,321.0,292.0,16.0,400.0,475.0,279.0,634.0,4283.0,4160.0,850.0,599.0,288.0,418.0,791.0,1952.0,21310.0,,2499.0,,58170.0,,,0.0,432.0,138762.0,56300.0,78545.0,15494.0,3798.0,554.0,8076.0,5868.0,,,2017-12-18,4139.602,2017-12-15,2017-12-14,,,,,,,,,,,,,,,,0.68,0.7,2.67,688.0,3757.0,1966.0,0.7956553372830267,0.31898971000935455,0.39049994803035026,0.2320964556698888,251.0,0.02608876416172955,0.08834840453175345,0.7047058823529412,0.062259640370023905,0.8706395348837209,38906.0,12923.0,9914.0,15682.0,14581.0,2037.0,12544.0,1875.0,2759.0,1997.0,1525.0,2978.0,2.33,0.3224181360201511,0.3321595640775202,0.13970235237638023,0.052356962936308024,0.16766014608345228,60669.0,60669.0,21310.0,39359.0,39359.0,3.86870297155975,2.5098201759979593,6.892266666666667,8.363733333333334,0.6990941385435169,-4832.0,0.06485888212506907,0.010536713862364211,0.0989173228346456,0.04944134078212281,-0.21731123388581952,-0.20871862615587844,0.061224489795918435,,0.20196640721015968,0.26703499079189696,0.04484907079170686,0.12019230769230793,-0.014916701234118923,-17.0,,,,,,
2018-02-28,2018,3,FY18 Q3,9771.0,3410.0,-4024.0,-0.94,6361.0,2033.0,1498.0,340.0,91.0,4.0,394.0,533.0,313.0,7324.0,4122.0,4122.0,3310.0,286.0,305.0,389.0,783.0,3967.0,19487.0,,4491.0,,56224.0,,,0.0,483.0,138201.0,48272.0,77732.0,17968.0,3902.0,603.0,8003.0,5904.0,,,2018-03-21,4082.313,2018-03-20,2018-03-19,,,,,,,,,,,,,,,,0.72,0.83,14.81,699.0,4109.0,2001.0,0.7952103162419404,0.34899191485006653,0.42053014021082796,-0.4118309282570873,3024.0,0.30948725821307954,0.33875754784566575,0.086404833836858,0.029270289632586224,0.40915593705293274,39472.0,13374.0,3651.0,16176.0,15192.0,1883.0,13309.0,1958.0,2802.0,8862.0,1543.0,3149.0,0.8600000000000001,0.33717571949736524,0.33882245642480746,0.12394681411269089,0.047704702067288204,0.708223447614481,60715.0,60715.0,19487.0,41228.0,41228.0,3.7534000989119685,2.548714144411474,6.830439223697651,8.261491317671092,0.8540768975803779,-4704.0,0.06148832156436712,0.15241635687732336,-2.7972309066547565,0.1366528354080221,0.22638014079288626,-0.35,-2.7735849056603774,,0.16449704142011834,0.06554878048780477,0.05458334446552149,-0.5924170616113744,0.024209837427312586,1595.0,,,,,,
2018-05-31,2018,4,FY18 Q4,11252.0,4380.0,3407.0,0.8,6872.0,2325.0,1544.0,307.0,82.0,20.0,415.0,548.0,352.0,733.0,4263.0,4046.0,4660.0,378.0,287.0,396.0,778.0,4926.0,21620.0,45641.0,4491.0,,56128.0,,,0.0,498.0,137264.0,46224.0,75964.0,19195.0,5279.0,529.0,8429.0,5897.0,,,2018-06-22,3981.155,2018-06-20,2018-06-19,,,,,,,,,,,,,,,,0.94,0.99,5.14,702.0,5082.0,2179.0,0.8063455385709207,0.3892641308211873,0.45165303945965163,0.30279061500177745,4282.0,0.38055456807678634,0.4141485958051902,0.08111587982832617,0.03359402772840384,0.5384615384615384,39831.0,13680.0,3826.0,16465.0,15386.0,1736.0,13650.0,2025.0,2785.0,9066.0,1606.0,3140.0,0.9000000000000001,0.3426978986216766,0.3434510808164495,0.11282984531392175,0.043584143004192714,0.7032268073223704,60619.0,60619.0,67261.0,-6642.0,-6642.0,3.6816884300030366,-0.40340115396295173,6.7555555555555555,8.130864197530864,-0.14369158878504673,-3679.0,0.032956944826953105,0.07511045655375548,0.05414603960396036,0.06029626538702271,0.043439319301388224,-0.28,0.05263157894736836,,0.10950141110065847,-0.02364394993045893,0.05574109414758266,-0.592760180995475,0.02184866198045521,1545.0,,,,,,
2018-08-31,2019,1,FY19 Q1,9193.0,2778.0,2265.0,0.57,6415.0,2039.0,1564.0,321.0,90.0,14.0,434.0,529.0,348.0,275.0,3999.0,3904.0,6722.0,383.0,286.0,436.0,742.0,9967.0,18455.0,,3743.0,,54386.0,,,0.0,497.0,128358.0,38564.0,67009.0,19562.0,3729.0,527.0,11019.0,5918.0,31300.0,0.64,2018-09-19,3787.96,2018-09-18,2018-09-17,,,,,,,,,,,,,,,,0.68,0.71,3.75,720.0,3498.0,1953.0,0.7875557489394104,0.30218644620907215,0.380506907429566,0.24638311758947026,6339.0,0.6895463939954313,0.7312085282279995,0.05697709015174055,0.04166213423256826,0.5319444444444444,39837.0,13637.0,3881.0,16446.0,15542.0,1646.0,13896.0,2085.0,2809.0,8966.0,1639.0,3094.0,0.9500000000000001,0.34882144739814747,0.34231995381178304,0.10590657573027924,0.041318372367397146,0.6979061259438001,58129.0,58129.0,18455.0,39674.0,39674.0,3.5345372735011553,2.4123799100085126,6.54052757793765,7.8877697841726615,1.0287833212322373,-7817.0,0.0006530967671709575,-0.015242821694434583,0.02488687782805421,-0.005402331532556204,0.023758757234237038,-0.19027484143763218,0.09615384615384603,,0.059434300035803744,0.034482758620689724,0.03958768267223389,-0.5869565217391304,0.019437313786456467,1274.0,,0.7857017345683661,0.8511911236810616,,,
2018-11-30,2019,2,FY19 Q2,9562.0,3101.0,2333.0,0.61,6461.0,2101.0,1475.0,299.0,143.0,18.0,424.0,519.0,296.0,441.0,3817.0,3720.0,546.0,421.0,280.0,396.0,714.0,9957.0,10824.0,38567.0,6477.0,,51561.0,,,0.0,483.0,118318.0,31055.0,56938.0,20315.0,3975.0,587.0,8898.0,6003.0,30100.0,0.62,2018-12-19,3588.919,2018-12-18,2018-12-17,,,,,,,,,,,,,,,,0.78,0.8,2.36,704.0,3805.0,2001.0,0.7907341560343024,0.32430453879941434,0.3979293034929931,0.24398661367914662,125.0,0.013072578958376909,0.05710102489019034,0.7710622710622711,0.04402844593181343,0.5980113636363636,39778.0,13669.0,3981.0,16494.0,15238.0,1468.0,13770.0,2129.0,2825.0,8773.0,1617.0,3017.0,1.04,0.3461712504399417,0.3436321584795616,0.0963381021131382,0.03690482176077228,0.6878626313313471,58038.0,58038.0,49391.0,8647.0,8647.0,3.5187340851218627,0.5242512428761974,6.420385157350869,7.747299201503053,0.27844147480276926,-5510.0,-0.006132418667498141,0.010426849136526473,0.044782803403493165,0.012776151184455742,-0.35764705882352943,-0.2971619365609349,0.1730769230769229,,0.02300613496932513,0.023255813953488413,0.022412995424870186,-0.5536480686695279,0.023753114419790555,1226.0,-0.03833865814696491,0.7566996832419931,0.7869692532942899,,,
2019-02-28,2019,3,FY19 Q3,9614.0,3399.0,2745.0,0.76,6215.0,2051.0,1426.0,316.0,42.0,-3.0,407.0,509.0,246.0,343.0,3617.0,3526.0,2861.0,443.0,334.0,427.0,670.0,9963.0,14720.0,25310.0,4487.0,,51672.0,,,0.0,524.0,109438.0,24238.0,47617.0,17986.0,3993.0,603.0,8633.0,6197.0,31500.0,0.62,2019-03-18,3417.654,2019-03-15,2019-03-14,,,,,,,,,,,,,,,,0.84,0.87,3.41,741.0,4140.0,1976.0,0.7944664031620553,0.35354691075514877,0.430622009569378,0.2855211150405658,2418.0,0.2515082171832744,0.297586852506761,0.15484096469765815,0.046078635323486584,0.5978407557354926,39621.0,13658.0,10750.0,16525.0,14789.0,1625.0,13164.0,2105.0,2867.0,1792.0,1655.0,2904.0,2.74,0.3322480502763686,0.3447161858610333,0.10987896409493543,0.04101360389692335,0.14287992345718387,56159.0,56159.0,40030.0,16129.0,16129.0,3.3984266263237517,0.976036308623298,6.488361045130642,7.850356294536817,0.6654426932915257,-5243.0,-0.01606795619690926,-0.003225806451612856,,0.007544414699440338,-0.1356495468277945,0.548951048951049,,,0.04962737127371275,0.06008583690987135,0.003774827725983032,2.186046511627907,-0.004927669220996633,-145.0,0.04651162790697683,0.7950329370788218,0.8191179529852298,,,
2019-05-31,2019,4,FY19 Q4,11137.0,4257.0,3740.0,1.0400000000000005,6880.0,2318.0,1562.0,330.0,168.0,15.0,424.0,525.0,202.0,126.0,3495.0,3386.0,4422.0,413.0,330.0,394.0,806.0,6253.0,20514.0,17313.0,4494.0,,51673.0,,,0.0,578.0,108709.0,22363.0,46386.0,18630.0,5134.0,580.0,9043.0,6252.0,36200.0,0.62,2019-06-21,3335.819,2019-06-20,2019-06-19,,,,,,,,,,,,,,,,1.07,1.16,7.98,754.0,5011.0,2063.0,0.8147616054592799,0.38223938223938225,0.4499416359881476,0.3358175451198707,4009.0,0.3599712669480111,0.3970548621711412,0.09339665309814564,0.03708359522313011,0.5477453580901857,39506.0,13535.0,11083.0,16454.0,14551.0,1660.0,12891.0,2082.0,2919.0,1185.0,1653.0,2932.0,2.9800000000000004,0.32630486508378476,0.3426061864020655,0.11408150642567522,0.04201893383283552,0.0965927616563417,56167.0,56167.0,37827.0,18340.0,18340.0,3.413577245654552,1.1146225841740611,6.500960614793468,7.90297790585975,0.8201046371238206,-4489.0,-0.010220405261286869,-0.02808219178082194,0.09773994716759615,-0.01397087760724125,-0.05107296137339057,0.09259259259259256,0.3000000000000005,,0.060200101746650914,0.07407407407407418,-0.00815947377670656,2.311111111111111,-0.016393033537891843,-759.0,0.14920634920634912,0.9163165088847264,0.812606626560115,,,
2019-08-31,2020,1,FY20 Q1,9218.0,2877.0,2137.0,0.63,6341.0,2018.0,1557.0,292.0,78.0,25.0,414.0,494.0,190.0,345.0,3410.0,3317.0,6000.0,386.0,336.0,446.0,795.0,5005.0,31083.0,4621.0,3748.0,,50692.0,,2061.0,0.0,586.0,106229.0,19019.0,42384.0,18875.0,3820.0,486.0,10739.0,6264.0,33800.0,0.61,2019-09-13,3288.33,2019-09-12,2019-09-11,,,,,,,,,,,,,,,,0.81,0.81,0.24,750.0,3627.0,1957.0,0.787697982208722,0.3121067476676069,0.39346929919722284,0.23182903015838577,5614.0,0.6090258190496854,0.6509004122369277,0.06433333333333334,0.041874593187242355,0.5146666666666667,39531.0,13634.0,10955.0,16583.0,13829.0,1663.0,12166.0,2047.0,2949.0,1255.0,1663.0,2985.0,3.0400000000000005,0.30775846803774254,0.34489388075181504,0.12025453756598453,0.042068250233993576,0.10278460278460279,54440.0,54440.0,35704.0,18736.0,18736.0,3.282880057890611,1.129831755412169,6.66047874938935,8.101123595505618,0.9851201430148798,-7405.0,0.002719460459045031,0.0356371490280778,-0.0565121412803532,0.036878216123499064,-0.10740850937221069,0.007832898172323688,0.10526315789473695,0.07987220447284349,0.05846569787090239,0.04166666666666674,-0.007681301302808974,2.2,-0.04106297936040493,-1730.0,-0.06629834254143652,0.855025170119653,0.9166847472336732,,,
2019-11-30,2020,2,FY20 Q2,9614.0,3183.0,2311.0,0.69,6431.0,2068.0,1531.0,323.0,42.0,12.0,407.0,465.0,145.0,499.0,3331.0,3245.0,513.0,349.0,341.0,397.0,767.0,4991.0,24540.0,2904.0,999.0,,50670.0,,1993.0,0.0,622.0,98443.0,16185.0,34540.0,14592.0,4050.0,534.0,8702.0,6270.0,32800.0,0.6,2019-12-13,3207.649,2019-12-13,2019-12-12,,,,,,,,,,,,,,,,0.89,0.9,1.51,748.0,3931.0,2048.0,0.7869773247347618,0.33107967547326816,0.40888287913459537,0.24037861452049095,164.0,0.017058456417724153,0.0533596837944664,0.6803118908382066,0.036301227376742254,0.46657754010695185,39583.0,13716.0,10933.0,16709.0,13796.0,1591.0,12205.0,1993.0,2993.0,1313.0,1664.0,3038.0,3.1200000000000006,0.3083394386479044,0.3465123916832984,0.11532328211075674,0.04019402268650683,0.10721868365180467,51669.0,51669.0,27444.0,24225.0,24225.0,3.092285594589742,1.4498174636423484,6.8820873055694936,8.383843452082289,1.4967562557924003,-5186.0,0.005438192846684897,0.02644308287649144,-0.009429918559794248,0.03311432325886998,-0.06043956043956045,-0.17102137767220904,0.13114754098360648,0.0897009966777409,0.04447776111944024,0.0625,-0.004902207250238821,2.0000000000000004,-0.03783181179203726,-1565.0,-0.029585798816568087,0.8286385569562691,0.8529228208862076,,,
2020-02-29,2020,3,FY20 Q3,9796.0,3528.0,2571.0,0.79,6268.0,2049.0,1500.0,288.0,60.0,7.0,400.0,456.0,122.0,505.0,3271.0,3190.0,3012.0,396.0,348.0,361.0,768.0,3939.0,23829.0,2029.0,2355.0,,49320.0,,1904.0,0.0,646.0,96704.0,14881.0,33442.0,15740.0,4162.0,533.0,8417.0,6248.0,33800.0,0.6,2020-03-13,3153.584,2020-03-13,2020-03-12,,,,,,,,,,,,,,,,0.96,0.97,1.06,748.0,4276.0,1964.0,0.7995100040832993,0.3601469987750102,0.4365046957942017,0.2624540628828093,2616.0,0.26704777460187834,0.3074724377296856,0.13147410358565736,0.04042466312780727,0.5294117647058824,39765.0,13845.0,10759.0,16845.0,13947.0,1544.0,12403.0,1940.0,3000.0,1475.0,1598.0,3136.0,3.1500000000000004,0.3119074563057966,0.34817050169747266,0.11070481107048111,0.038828115176662896,0.12056563675004087,51675.0,51675.0,25858.0,25817.0,25817.0,3.0676758682101513,1.5326209557732264,7.13659793814433,8.68298969072165,1.7348968483300853,-4788.0,0.018930726024547484,0.037952338923212814,-0.06338797814207653,0.03285024154589378,0.05277874868926946,-0.10609480812641081,0.03947368421052633,0.07301587301587298,0.008229788607390764,0.009446693657219951,0.003634436283788789,0.14963503649635035,-0.02034059397057203,-761.0,0.030487804878048808,0.8499937130642525,0.8625969783585137,,,
2020-05-31,2020,4,FY20 Q4,10439.0,4308.0,3116.0,0.98,6131.0,1959.0,1479.0,278.0,69.0,12.0,365.0,579.0,70.0,580.0,3164.0,3092.0,3614.0,433.0,357.0,386.0,740.0,5305.0,37239.0,5818.0,2371.0,,69226.0,,2098.0,0.0,643.0,115438.0,12717.0,52140.0,17200.0,5551.0,637.0,8599.0,6244.0,37000.0,0.62,2020-06-22,3068.682,2020-06-17,2020-06-16,,,,,,,,,,,,,,,,1.15,1.2,4.16,722.0,5030.0,1969.0,0.8113804004214963,0.4126832072037552,0.48184692020308456,0.2984960245234218,3181.0,0.3047226745856883,0.34620174346201743,0.11981184283342557,0.04147906887632915,0.5997229916897507,39067.0,13896.0,10135.0,16864.0,13139.0,1564.0,11575.0,1994.0,2968.0,1929.0,1590.0,3070.0,3.09,0.2962858678680216,0.3556966237489441,0.1190349341654616,0.040033788107610005,0.1598972148541114,71597.0,71597.0,43057.0,28540.0,28540.0,4.245552656546489,1.6923624288425048,6.968906720160481,8.457372116349047,2.244239993709208,-3685.0,-0.06267396965071381,0.011980267794221344,-0.16684491978609628,0.0037916583516264257,-0.18272274988692894,0.04842615012106544,-0.057692307692308153,0.022099447513812098,-0.001279590531030106,-0.04244031830238726,-0.011112236116032959,0.03691275167785224,-0.030018997215763177,-1316.0,0.09467455621301779,0.9470908951288811,0.8861002011686944,,,
2020-08-31,2021,1,FY21 Q1,9367.0,3211.0,2251.0,0.72,6156.0,1854.0,1589.0,295.0,174.0,19.0,345.0,614.0,31.0,344.0,3107.0,3041.0,5953.0,436.0,356.0,428.0,730.0,4945.0,27276.0,15003.0,2997.0,,67769.0,,,0.0,649.0,113546.0,10140.0,49939.0,18748.0,4576.0,534.0,10546.0,6401.0,35500.0,0.61,2020-09-15,3007.161,2020-09-11,2020-09-10,,,,,,,,,,,,,,,,0.86,0.93,7.77,701.0,3912.0,1880.0,0.7992953987402583,0.34279918864097364,0.4176363830468667,0.24031173267855235,5517.0,0.5889825984840397,0.6355289847336394,0.07324038300016798,0.046546386249599656,0.6219686162624821,39216.0,14230.0,10249.0,17149.0,13092.0,1614.0,11478.0,2114.0,2919.0,1928.0,1572.0,3005.0,3.18,0.2926866585067319,0.36286209710322315,0.1232813932172319,0.041156670746634025,0.1583312802824998,70766.0,70766.0,42279.0,28487.0,28487.0,4.126537990553385,1.6611464225319261,6.73131504257332,8.112109744560076,2.809368836291913,-6504.0,0.016164026903883633,0.11609315258950303,0.053345811885821215,0.07857733664185274,-0.007833333333333359,0.1295336787564767,0.1428571428571428,0.050295857988165604,0.021871008939974512,-0.06533333333333335,-0.00796842983987256,0.046052631578947345,-0.015071809531010616,-688.0,-0.04054054054054057,0.9052427580579355,0.9474751788192591,,,
2020-11-30,2021,2,FY21 Q2,9800.0,3583.0,2442.0,0.8,6217.0,1836.0,1601.0,324.0,96.0,76.0,345.0,600.0,27.0,530.0,3046.0,2977.0,1388.0,568.0,386.0,488.0,717.0,4017.0,28001.0,10592.0,7251.0,,63531.0,,,0.0,699.0,110014.0,8616.0,46251.0,21347.0,4423.0,724.0,8718.0,6627.0,34400.0,0.6,2020-12-11,2944.034,2020-12-11,2020-12-10,,,,,,,,,,,,,,,,1.0,1.06,6.13,731.0,4314.0,1939.0,0.8021428571428572,0.3656122448979592,0.44020408163265307,0.24918367346938775,820.0,0.0836734693877551,0.1416326530612245,0.4092219020172911,0.05795918367346939,0.7770177838577291,39402.0,14630.0,10380.0,17532.0,13967.0,1833.0,12134.0,2249.0,2902.0,1959.0,1663.0,2955.0,3.29,0.30795391096898633,0.3713009491903964,0.13123791794945228,0.04652048119384803,0.1587648918064673,70782.0,70782.0,38593.0,32189.0,32189.0,4.037303216974675,1.8360141455624002,6.5051133837261,7.795464650955981,3.7359563602599812,-5019.0,0.019346785937174982,0.12566760917373543,0.056685417568152374,0.0974306792164843,1.7056530214424952,0.6275071633237823,0.15942028985507273,0.04878048780487809,0.056937799043062176,-0.022727272727272707,-0.0045726700856427716,0.054487179487179294,-0.00038552767891808504,-71.0,-0.030985915492957705,0.8730521293335364,0.8775510204081632,,,
2021-02-28,2021,3,FY21 Q3,10085.0,3878.0,5021.0,1.68,6207.0,1915.0,1621.0,330.0,66.0,12.0,347.0,585.0,22.0,-1745.0,2994.0,2913.0,3704.0,414.0,385.0,479.0,699.0,3996.0,22321.0,13543.0,5758.0,,63541.0,,,0.0,737.0,118109.0,9637.0,43744.0,20250.0,4637.0,812.0,8758.0,6816.0,35300.0,0.61,2021-03-11,2883.535,2021-03-11,2021-03-10,,,,,,,,,,,,,,,,1.11,1.16,4.54,732.0,4610.0,1916.0,0.8100148735746158,0.3845314823996034,0.4571145265245414,0.4978681209717402,3290.0,0.3262270699058007,0.3672781358453148,0.11177105831533478,0.04105106593951413,0.5655737704918032,39691.0,14980.0,12830.0,17866.0,14659.0,1851.0,12808.0,2378.0,2886.0,-291.0,1781.0,2886.0,4.18,0.32269280189463606,0.3774155350079363,0.12627055051504196,0.04663525736313018,-0.023207592311986602,69299.0,69299.0,35864.0,33435.0,33435.0,3.878820105227807,1.8714317698421583,6.299411269974769,7.513036164844407,3.4694406973124416,-4933.0,0.0295018374846876,0.0992063492063493,0.9529366005445352,0.07811038353601507,0.22974767596281542,0.045454545454545414,1.1265822784810124,0.044378698224851965,0.09090909090909083,-0.021390374331550777,-0.0018609329812648845,0.3269841269841267,0.010785345588839479,405.0,0.026162790697674465,0.8893703862336549,0.8750619732275657,,,
2021-05-31,2021,4,FY21 Q4,11227.0,4541.0,4032.0,1.36,6686.0,2077.0,1715.0,305.0,94.0,31.0,342.0,697.0,21.0,124.0,2941.0,2849.0,4842.0,717.0,410.0,442.0,917.0,7976.0,30098.0,16456.0,8250.0,,75995.0,,2782.0,0.0,714.0,131107.0,5952.0,55567.0,24164.0,5409.0,745.0,9454.0,7049.0,41300.0,,2021-06-21,2792.0,2021-06-16,2021-06-15,,,,,,,,,,,,,,,,1.33,1.54,15.62,752.0,5293.0,2122.0,0.8109913601140109,0.40447136367685044,0.4714527478400285,0.35913422998129507,4125.0,0.36741783201211364,0.4312817315400374,0.14807930607187111,0.06386389952792376,0.9534574468085106,40479.0,15213.0,13746.0,18129.0,15887.0,2135.0,13752.0,2496.0,2916.0,-747.0,1837.0,3063.0,4.5600000000000005,0.33973171273993924,0.3758245015934188,0.13438660540064204,0.05274339781121075,-0.05746595891991692,84245.0,84245.0,46554.0,37691.0,37691.0,4.646974460808649,2.0790446246345633,6.094951923076923,7.263221153846154,6.332493279569892,-4790.0,0.07548615767793843,0.05408542246982351,0.2939666238767651,0.052286282306162946,0.33978970669618147,0.6558891454965359,0.38775510204081653,0.11621621621621614,0.1289237668161436,0.04155124653739617,0.036143036322215716,0.47572815533980606,0.04344584487191766,2177.0,0.16997167138810187,1.0202821215939128,0.9196579674000178,,,
2021-08-31,2022,1,FY22 Q1,9728.0,3427.0,2457.0,0.86,6301.0,1854.0,1684.0,298.0,38.0,21.0,303.0,705.0,20.0,224.0,2861.0,2769.0,5391.0,1062.0,454.0,545.0,887.0,7995.0,23059.0,16251.0,6748.0,,75970.0,,,0.0,411.0,122924.0,-1130.0,47117.0,23071.0,4482.0,749.0,10784.0,7610.0,38700.0,,2021-09-13,2738.179,2021-09-14,2021-09-13,,,,,,,,,,,,,,,,0.97,1.03,6.4,757.0,4184.0,2103.0,0.7838199013157895,0.3522820723684211,0.4300986842105263,0.2525699013157895,4329.0,0.44500411184210525,0.5541735197368421,0.19699499165275458,0.10916940789473684,1.4029062087186261,40840.0,15429.0,13952.0,18401.0,15325.0,2761.0,12564.0,2587.0,2972.0,-867.0,1954.0,3220.0,4.7,0.30763956904995104,0.37779138099902054,0.180163132137031,0.0676052889324192,-0.06625907527703477,82718.0,82718.0,39310.0,43408.0,43408.0,4.49529916852345,2.359002228139775,5.964051024352532,7.112872052570545,,-7051.0,0.03853955375253548,0.06726876362503886,0.09151488227454463,0.06952965235173814,-0.09440618175709725,1.4357798165137616,0.19444444444444442,0.09014084507042264,0.18887673800968607,0.07988587731811703,0.04141166870665036,0.4779874213836477,0.014952910543219122,1086.0,-0.06295399515738498,0.9476003917727718,0.9945518092105263,,,
2021-11-30,2022,2,FY22 Q2,10360.0,-824.0,-1247.0,-0.43,11184.0,1954.0,1754.0,319.0,32.0,4667.0,299.0,679.0,20.0,-249.0,2694.0,2694.0,-3682.0,925.0,459.0,681.0,861.0,7006.0,17938.0,4900.0,4998.0,,73433.0,,,0.0,443.0,106897.0,-9658.0,31078.0,18881.0,4462.0,1034.0,8675.0,8029.0,37200.0,,2021-12-10,2670.447,2021-12-10,2021-12-09,2700.0,0.22,headline,,,,,,,,,,,,,1.11,1.21,8.53,758.0,-66.0,2159.0,0.7916023166023166,-0.07953667953667953,-0.006370656370656371,-0.12036679536679537,-4607.0,-0.4446911196911197,-0.3554054054054054,,0.08928571428571429,1.220316622691293,41400.0,11022.0,10263.0,14021.0,10255.0,3118.0,7137.0,2666.0,2999.0,-1646.0,2147.0,3364.0,3.47,0.1723913043478261,0.266231884057971,0.30404680643588494,0.07531400966183575,-0.19101775559939654,78431.0,78431.0,22838.0,55593.0,55593.0,5.593823550388703,3.9649810997789032,4.134283570892723,5.259189797449363,,-5247.0,0.05714285714285716,-1.2299748813843148,-1.5106470106470107,-1.015299026425591,-3.652737752161383,0.6285211267605635,-1.5375,0.08139534883720922,0.21155877470952156,0.0369357045143639,0.05070808588396525,0.054711246200607855,-0.13556260662116024,-4997.0,-0.03875968992248058,0.8985507246376812,0.8976833976833977,0.2606177606177606,,
2022-02-28,2022,3,FY22 Q3,10513.0,3822.0,2319.0,0.84,6691.0,2004.0,1816.0,335.0,19.0,20.0,279.0,667.0,16.0,521.0,2754.0,2670.0,3845.0,1101.0,496.0,674.0,855.0,653.0,22682.0,707.0,6248.0,,72165.0,,,0.0,485.0,108644.0,-8211.0,31675.0,20833.0,4588.0,1124.0,8614.0,8609.0,38500.0,,2022-03-11,2668.157,2022-03-11,2022-03-10,2800.0,0.24,headline,,,,,,,,,,,,,1.18,1.13,-4.02,775.0,4597.0,2218.0,0.789023114239513,0.3635498906116237,0.43726814420241605,0.2205840388090935,2744.0,0.2610101778750119,0.365737658137544,0.28634590377113134,0.1047274802625321,1.4206451612903226,41828.0,10966.0,7561.0,14008.0,10396.0,3805.0,6591.0,2748.0,3042.0,620.0,2342.0,3520.0,2.63,0.15757387396002678,0.2621688820885531,0.36600615621392846,0.0909677727837812,0.07578535631340912,78413.0,78413.0,23389.0,55024.0,55024.0,5.597729868646487,3.9280411193603655,3.990538573508006,5.097525473071324,,-5150.0,0.042439266236985684,-0.014440433212996373,-0.5381398127862975,-0.002819956616052055,0.038066954643628526,1.6594202898550723,-0.5,0.09065155807365444,0.26305751173708924,0.058743169398907114,0.05384092111561811,-0.3708133971291866,-0.16511892793460928,-6217.0,0.034946236559139754,0.9204360715310318,0.9155331494340341,0.26633691619899175,,
2022-05-31,2022,4,FY22 Q4,11840.0,4502.0,3189.0,1.15,7338.0,2236.0,1965.0,364.0,102.0,6.0,268.0,704.0,38.0,435.0,2835.0,2667.0,3985.0,1423.0,563.0,713.0,854.0,594.0,21383.0,519.0,3749.0,,72110.0,,3658.0,0.0,452.0,109297.0,-5768.0,31633.0,19511.0,5953.0,1317.0,9110.0,9716.0,46600.0,,2022-06-21,2664.926,2022-06-14,2022-06-13,2900.0,0.19,headline,,,,,,,,,,,,,1.38,1.54,11.95,831.0,5333.0,2397.0,0.7975506756756756,0.3802364864864865,0.4504222972972973,0.2693412162162162,2562.0,0.21638513513513513,0.33657094594594594,0.35708908406524464,0.12018581081081081,1.7123947051744886,42441.0,10927.0,6718.0,14048.0,9539.0,4511.0,5028.0,2755.0,3121.0,931.0,2613.0,3457.0,2.42,0.11847034707005019,0.2574633019957117,0.4729007233462627,0.10628873023727056,0.12171525689632631,75859.0,75859.0,21902.0,53957.0,53957.0,5.39998576309795,3.8409026195899774,3.9662431941923777,5.099092558983666,,-4474.0,0.05460051661173959,-0.008588416648315333,-0.20907738095238093,0.007557150954090375,-0.1769929781082198,0.9846582984658299,-0.15441176470588247,0.12832929782082325,0.378351539225422,0.10505319148936176,0.048469576817609106,-0.4692982456140352,-0.22126136566988905,-8724.0,0.21038961038961035,1.0979948634575056,0.9839527027027027,0.24493243243243243,,
2022-08-31,2023,1,FY23 Q1,11445.0,2623.0,1548.0,0.56,8822.0,2177.0,2093.0,411.0,144.0,41.0,919.0,787.0,38.0,108.0,2747.0,2685.0,6394.0,1719.0,547.0,750.0,860.0,552.0,10448.0,772.0,16097.0,,75480.0,,,0.0,426.0,130309.0,-5449.0,21004.0,34819.0,5937.0,1461.0,11261.0,12280.0,60700.0,,2022-09-13,2695.653,2022-09-13,2022-09-12,3600.0,0.45,headline,900.0,0.52,headline,2700.0,0.43,headline,,,,,,,1.08,1.03,-4.22,1466.0,4089.0,3037.0,0.7346439493228485,0.2291830493665356,0.35727391874180864,0.13525557011795544,4675.0,0.40847531673219745,0.5586719091306247,0.2688457929308727,0.15019659239842725,1.1725784447476126,44158.0,10123.0,5809.0,13953.0,10542.0,5168.0,5374.0,2837.0,3830.0,815.0,2818.0,3430.0,2.12,0.12169935232573939,0.22924498392137324,0.49022955795864165,0.1170342859730966,0.12303743961352658,91577.0,91577.0,11220.0,80357.0,80357.0,6.563248047014979,5.759119902529922,3.5682058512513217,4.918223475502291,,-6785.0,0.17650082236842102,-0.23460752845053978,-0.36996336996337,-0.022705544933078414,0.18605082544982388,0.6186440677966101,-0.34883720930232553,0.5684754521963824,0.6136662286465178,0.9365918097754293,0.0812438785504408,-0.548936170212766,-0.18594021672421165,-7190.0,0.30257510729613735,1.374609357307849,1.325906509392748,0.3145478374836173,0.07863695937090433,
2022-11-30,2023,2,FY23 Q2,12275.0,3071.0,1741.0,0.63,9204.0,2216.0,2158.0,366.0,137.0,62.0,907.0,856.0,52.0,403.0,2746.0,2695.0,849.0,2435.0,591.0,909.0,863.0,448.0,6813.0,537.0,9746.0,,81173.0,,,0.0,470.0,128469.0,-3776.0,17561.0,27106.0,6197.0,1647.0,9478.0,14351.0,61200.0,,2022-12-13,2696.253,2022-12-13,2022-12-12,3800.0,0.43,headline,1000.0,0.53,headline,2800.0,0.4,headline,,,,,,,1.17,1.21,3.15,1498.0,4569.0,3358.0,0.7264358452138493,0.250183299389002,0.37221995926680246,0.14183299389002035,-1586.0,-0.12920570264765785,0.06916496945010184,2.868080094228504,0.1983706720977597,1.6255006675567423,46073.0,14018.0,8797.0,18588.0,15073.0,6678.0,8395.0,3014.0,4570.0,1467.0,3046.0,3432.0,3.1799999999999997,0.18221083932020923,0.30425628893278056,0.4430438532475287,0.14494389338658217,0.14292673421667965,90919.0,90919.0,7350.0,83569.0,83569.0,4.891273940176458,4.495857542500538,4.650962176509622,6.1672196416721965,,-4928.0,0.18484555984555984,,,,,1.6324324324324326,,0.6451612903225807,0.7873956906214972,0.9762532981530343,0.11287439613526562,-0.08357348703170042,0.009819534972383137,1258.0,0.008237232289950658,1.328326785753044,1.2464358452138493,0.3095723014256619,0.0814663951120163,
2023-02-28,2023,3,FY23 Q3,12398.0,3260.0,1896.0,0.68,9138.0,2150.0,2146.0,402.0,78.0,37.0,886.0,908.0,90.0,322.0,2776.0,2698.0,4275.0,2628.0,672.0,924.0,863.0,150.0,8219.0,550.0,5415.0,,86396.0,,,0.0,509.0,131620.0,-1912.0,18696.0,22880.0,6213.0,1610.0,9388.0,16345.0,62300.0,,2023-03-10,2699.802,2023-03-10,2023-03-09,4100.0,0.45,headline,1200.0,0.55,headline,2900.0,0.42,headline,,,,,,,1.2,1.22,1.44,1558.0,4818.0,3439.0,0.722616551056622,0.2629456363929666,0.3886110663010163,0.1529278915954186,1647.0,0.13284400709791902,0.3448136796257461,0.6147368421052631,0.21196967252782706,1.6867779204107831,47958.0,13456.0,8374.0,18809.0,15503.0,8205.0,7298.0,3255.0,5353.0,1268.0,3296.0,3440.0,3.02,0.15217481963384627,0.2805788398181742,0.529252402760756,0.1710872013011385,0.13150798589504253,91811.0,91811.0,8769.0,83042.0,83042.0,4.881227072146313,4.415014088999947,4.13394777265745,5.778494623655914,,-4785.0,0.17930181679824986,-0.14704343275771847,-0.18240620957309184,0.04807483141179025,0.1118335500650196,1.3869209809264307,-0.19047619047619035,0.6181818181818182,0.8985944941340458,1.0103225806451612,0.14655254853208377,0.14828897338403046,-0.0053990543261805135,707.0,0.017973856209150263,1.299053338337712,1.2562510082271334,0.3306984997580255,0.09678980480722697,
2023-05-31,2023,4,FY23 Q4,13836.0,4140.0,3319.0,1.19,9696.0,2289.0,2226.0,400.0,131.0,50.0,870.0,955.0,105.0,-210.0,2795.0,2706.0,5647.0,1913.0,716.0,964.0,1082.0,150.0,9765.0,422.0,4061.0,,86420.0,,4849.0,0.0,483.0,134384.0,1556.0,21004.0,23090.0,6915.0,1204.0,9938.0,17069.0,67900.0,,2023-06-20,2714.259,2023-06-13,2023-06-12,4400.0,0.54,headline,1400.0,0.76,headline,3000.0,0.45,headline,,,,,,,1.58,1.67,5.56,1586.0,5726.0,3730.0,0.7304134142815844,0.2992194275802255,0.41384793292859207,0.23988146863255277,3734.0,0.2698756866146285,0.4081381902283897,0.33876394545776517,0.1382625036137612,1.2061790668348045,49954.0,13094.0,8504.0,19202.0,17165.0,8695.0,8470.0,3506.0,6108.0,623.0,3547.0,3668.0,3.06,0.16955599151219122,0.2621211514593426,0.5065540343722692,0.17406013532449854,0.06825901172345787,90481.0,90481.0,10187.0,80294.0,80294.0,4.7120612436204565,4.181543589209458,3.7347404449515116,5.476896748431261,51.602827763496144,-4227.0,0.16858108108108105,-0.08040870724122617,0.0407651301348384,0.07369210575660978,0.41706398996235894,0.3443429374560787,0.034782608695652195,0.4570815450643777,0.7567929188966653,0.9085439229843562,0.1770222190806061,0.2644628099173554,0.05108564444214103,3442.0,0.0898876404494382,1.359250510469632,1.2268719283029776,0.31801098583405607,0.1011853136744724,
2023-08-31,2024,1,FY24 Q1,12453.0,3296.0,2420.0,0.86,9157.0,2026.0,2216.0,393.0,138.0,11.0,763.0,872.0,136.0,-45.0,2823.0,2728.0,6974.0,1314.0,712.0,849.0,1091.0,150.0,11613.0,470.0,4499.0,,84442.0,,,0.0,471.0,136662.0,2841.0,22166.0,25357.0,6519.0,1034.0,12266.0,17644.0,64900.0,,2023-09-12,2739.821,2023-09-12,2023-09-11,4600.0,0.3,headline,1500.0,0.66,headline,3100.0,0.17,headline,,,,,,,1.15,1.19,3.46,1475.0,4771.0,3610.0,0.710110013651329,0.264675178671806,0.38312053320485023,0.1943306833694692,5660.0,0.45450895366578337,0.5600256966192885,0.18841410954975624,0.10551674295350517,0.8908474576271187,50962.0,13767.0,9376.0,19884.0,17745.0,8290.0,9455.0,3591.0,6117.0,470.0,3646.0,3899.0,3.36,0.18553039519642087,0.270142459087163,0.4671738517892364,0.1626702248734351,0.047735120861263455,88941.0,88941.0,12083.0,76858.0,76858.0,4.47299336149668,3.8653188493260915,3.83375104427736,5.537176274018379,27.053150299190428,-6781.0,0.08807339449541285,0.2565764391917651,0.5633074935400517,0.16678894595255556,0.0907100406631216,-0.23560209424083767,0.5357142857142856,0.06919275123558477,0.43680781758957665,0.006139154160982319,0.15408306535622085,0.5849056603773584,0.06383104287068148,4081.0,-0.044182621502209085,1.2734979003963738,1.3028988998634867,0.3693889022725448,0.12045290291496025,0.11609907120743033
2023-11-30,2024,2,FY24 Q2,12941.0,3622.0,2503.0,0.89,9319.0,2093.0,2226.0,375.0,83.0,47.0,755.0,888.0,133.0,217.0,2817.0,2746.0,143.0,1080.0,798.0,1029.0,1099.0,450.0,8244.0,446.0,6321.0,,82468.0,,,0.0,512.0,134324.0,4378.0,19289.0,24407.0,6804.0,1107.0,10129.0,18009.0,65500.0,,2023-12-12,2748.922,2023-12-12,2023-12-11,4800.0,0.25,headline,1600.0,0.52,headline,3200.0,0.15,headline,,,,,,,1.33,1.34,0.95,1553.0,5175.0,3740.0,0.7109960590371687,0.27988563480411094,0.39989181670659146,0.1934162738582799,-937.0,-0.07240553280272004,0.011050150683872962,7.5524475524475525,0.083455683486593,0.6954282034771411,51628.0,14318.0,10138.0,20490.0,17039.0,6935.0,10104.0,3623.0,6172.0,284.0,3766.0,4135.0,3.62,0.19570775548152167,0.277330130936701,0.40700745348905454,0.13432633454714496,0.027250047975436578,88789.0,88789.0,8690.0,80099.0,80099.0,4.333284529038555,3.9091752074182526,3.9519735026221365,5.655534087772565,18.295797167656463,-4432.0,0.05425661914460278,0.17942038423966133,0.43767949454336597,0.1326329612606698,-0.8315665488810365,-0.5564681724845996,0.4126984126984128,0.0702614379084967,0.25489512925928515,0.03671562082777036,0.12056953096173473,0.13836477987421403,0.013496916161312433,1709.0,0.009244992295839749,1.2686914077632292,1.2653581639749634,0.37091414882930224,0.1236380496097674,0.08984725965858041
2024-02-29,2024,3,FY24 Q3,13280.0,3750.0,2401.0,0.85,9530.0,2042.0,2248.0,377.0,90.0,155.0,749.0,876.0,111.0,464.0,2819.0,2748.0,5475.0,1674.0,808.0,1048.0,1099.0,450.0,9481.0,423.0,5510.0,,82470.0,,,0.0,559.0,137082.0,6182.0,21063.0,24885.0,7297.0,1658.0,10196.0,19117.0,80200.0,,2024-03-12,2748.514,2024-03-12,2024-03-11,5100.0,0.25,headline,1800.0,0.49,headline,3300.0,0.14,headline,,,,,,,1.38,1.41,2.47,1557.0,5307.0,3869.0,0.7086596385542169,0.28237951807228917,0.39962349397590363,0.18079819277108433,3801.0,0.28621987951807226,0.4122740963855422,0.30575342465753425,0.12605421686746987,1.0751445086705202,52510.0,14808.0,10643.0,20979.0,18239.0,5981.0,12258.0,3591.0,6171.0,426.0,3890.0,4371.0,3.79,0.2334412492858503,0.2820034279184917,0.3279236800263172,0.1139021138830699,0.03848586141476195,87980.0,87980.0,9904.0,78076.0,78076.0,4.19371752705086,3.721626388293055,4.123642439431913,5.842105263157895,12.62956971853769,-4557.0,0.07114050653331172,0.1503067484662577,0.2663502109704641,0.10149439601494392,0.2807017543859649,-0.363013698630137,0.24999999999999978,0.2873194221508828,0.16959314775160594,-0.0006418485237483784,0.09491638517035739,0.2549668874172186,0.08126642965200404,4960.0,0.2244274809160305,1.5273281279756237,1.509789156626506,0.38403614457831325,0.1355421686746988,0.07312614259597806
2024-05-31,2024,4,FY24 Q4,14287.0,4686.0,3144.0,1.11,9601.0,2113.0,2226.0,402.0,93.0,100.0,743.0,878.0,71.0,638.0,2833.0,2754.0,6081.0,2798.0,811.0,1047.0,1102.0,152.0,10454.0,207.0,10605.0,,76264.0,0.0,7545.0,0.0,535.0,140976.0,9239.0,22554.0,31544.0,7874.0,2357.0,10546.0,21536.0,97900.0,,2024-06-20,2755.86,2024-06-12,2024-06-11,5300.0,0.2,headline,2000.0,0.42,headline,3300.0,0.1,headline,,,,,,,1.65,1.63,-1.14,1554.0,6240.0,3924.0,0.7253447189752922,0.3279904808567229,0.4367606915377616,0.22006019458248757,3283.0,0.22978931896129348,0.42563169314761673,0.46012169051142904,0.19584237418632322,1.8005148005148006,52961.0,15354.0,10468.0,21493.0,18673.0,6866.0,11807.0,3514.0,6139.0,1274.0,3973.0,4391.0,3.71,0.22293763335284456,0.2899114442703121,0.36769667434263376,0.12964256717207,0.1084994038494294,86869.0,86869.0,10661.0,76208.0,76208.0,4.041734518215232,3.5457125575768855,4.369379624359704,6.116391576550939,8.248511743695206,-5029.0,0.03259612604799078,0.13188405797101455,-0.0527267249171437,0.08976597974152978,0.07685496723924201,0.4626241505488762,-0.0672268907563024,0.4418262150220913,0.26170250161110786,-0.020176544766708715,0.060195379749369504,0.21241830065359468,0.05338164184065333,3337.0,0.22069825436408985,1.848530050414456,1.713095821376076,0.3709666130048296,0.13998740113389796,0.06900517538815411
2024-08-31,2025,1,FY25 Q1,13307.0,3991.0,2929.0,1.03,9316.0,2036.0,2306.0,358.0,73.0,13.0,624.0,842.0,133.0,240.0,2851.0,2761.0,7427.0,2303.0,804.0,1007.0,1103.0,150.0,10616.0,295.0,9201.0,,75314.0,,,0.0,453.0,144214.0,11269.0,23072.0,32045.0,8021.0,2207.0,12884.0,23094.0,99100.0,,2024-09-10,2770.968,2024-09-10,2024-09-09,5600.0,0.21,headline,2200.0,0.45,headline,3500.0,0.1,headline,,,,,,,1.33,1.39,4.29,1428.0,5419.0,3906.0,0.7064702788006312,0.2999173367400616,0.40722927782370183,0.22010971669046367,5124.0,0.38506049447659124,0.5581273014203051,0.3100848256361923,0.17306680694371385,1.6127450980392157,53815.0,16049.0,10977.0,22141.0,19126.0,7855.0,11271.0,3484.0,6092.0,1559.0,4131.0,4403.0,3.88,0.20943974728235623,0.2982254018396358,0.41069747987033356,0.14596302146241755,0.12436183790682834,84515.0,84515.0,10911.0,73604.0,73604.0,3.817126597714647,3.324330427713292,4.606486796785304,6.355051664753157,6.531546721093265,-7070.0,0.06857785272625061,0.2108616504854368,0.21033057851239678,0.13582058268706776,0.06495554918267854,0.7526636225266363,0.1976744186046513,0.5269645608628659,0.30888687372477897,-0.03186440677966107,0.055982889211569464,0.15476190476190488,0.023909352085935365,1816.0,0.012257405515832431,1.84149400724705,1.8618020590666566,0.4208311415044713,0.1653265198767566,0.08443908323281062
2024-11-30,2025,2,FY25 Q2,14059.0,4220.0,3151.0,1.1,9839.0,2190.0,2471.0,387.0,84.0,31.0,591.0,866.0,149.0,239.0,2869.0,2790.0,1304.0,3970.0,908.0,1170.0,1118.0,150.0,10941.0,370.0,8162.0,,80462.0,,,0.0,490.0,148483.0,14236.0,23503.0,29052.0,8177.0,2679.0,10826.0,26432.0,97300.0,,2024-12-10,2796.956,2024-12-10,2024-12-09,5900.0,0.24,headline,2400.0,0.52,headline,3500.0,0.1,headline,,,,,,,1.48,1.47,-0.77,1499.0,5719.0,4085.0,0.7094387936553097,0.3001635962728501,0.40678568888256633,0.2241268938046803,-2666.0,-0.1896294188775873,0.09275197382459634,3.044478527607362,0.28238139270218365,2.648432288192128,54933.0,16647.0,11625.0,22685.0,20287.0,10745.0,9542.0,3462.0,6038.0,1581.0,4272.0,4422.0,4.09,0.17370251033076656,0.3030418873900934,0.529649529255188,0.1956019150601642,0.11971830985915492,88624.0,88624.0,11311.0,77313.0,77313.0,3.9067225038571745,3.408111086621115,4.808492201039861,6.552570768341999,5.43080921607193,-5328.0,0.08639208716482494,0.16510215350635016,0.2588893328006392,0.10512077294685995,8.118881118881118,2.675925925925926,0.2359550561797754,0.4854961832061069,0.4677105891498694,-0.0347714101738571,0.06401565042225155,0.12983425414364635,-0.02200524515075511,-562.0,-0.01816347124117057,1.771248611945461,1.7302084074258481,0.41966000426772887,0.17070915427839817,0.11535688536409516
2025-02-28,2025,3,FY25 Q3,14130.0,4358.0,2936.0,1.02,9772.0,2119.0,2429.0,390.0,63.0,28.0,548.0,892.0,135.0,512.0,2874.0,2799.0,5933.0,5862.0,1003.0,1198.0,1119.0,150.0,17406.0,417.0,8167.0,,88109.0,900.0,12000.0,0.0,531.0,161378.0,17261.0,30116.0,29623.0,8051.0,2423.0,10368.0,31970.0,130200.0,,2025-03-11,2804.234,2025-03-11,2025-03-10,6200.0,0.23,headline,2700.0,0.49,headline,3600.0,0.09,headline,,,,,,,1.49,1.47,-1.35,1551.0,5909.0,4195.0,0.7031139419674451,0.30842179759377214,0.41818825194621373,0.20778485491861287,71.0,0.0050247699929228595,0.41988676574663836,0.9880330355637957,0.4148619957537155,3.779497098646035,55783.0,17255.0,12160.0,23287.0,20745.0,14933.0,5812.0,3478.0,6032.0,1629.0,4422.0,4442.0,4.26,0.10418944839825753,0.3093236290626176,0.7198361050855628,0.2676980442070165,0.11813764594967002,96276.0,97176.0,17823.0,78453.0,79353.0,4.134323871688066,3.3689612229999573,4.961184588844163,6.69551466359977,4.545101674294653,-4740.0,0.06400602409638556,0.16213333333333324,0.22282382340691376,0.11343508573582062,0.08365296803652966,2.5017921146953404,0.19999999999999996,0.6234413965087282,0.6723335251346969,-0.003853564547206201,0.0623309845743667,0.12401055408970962,-0.12925180088759278,-6446.0,0.3381294964028776,2.334044422135776,2.3036093418259025,0.43878273177636234,0.1910828025477707,0.15047650894499248
2025-05-31,2025,4,FY25 Q4,15903.0,5109.0,3427.0,1.19,10794.0,2306.0,2654.0,467.0,79.0,3.0,544.0,978.0,160.0,725.0,2870.0,2806.0,6157.0,9080.0,1152.0,1300.0,1403.0,150.0,10786.0,417.0,7271.0,,85297.0,2934.0,13450.0,0.0,518.0,168361.0,20969.0,24579.0,32643.0,8558.0,5113.0,10733.0,43522.0,137800.0,,2025-06-18,2808.833,2025-06-12,2025-06-11,6700.0,0.27,headline,3000.0,0.52,headline,3700.0,0.12,headline,,,,,,,1.64,1.7,3.37,1696.0,6805.0,4741.0,0.701880148399673,0.32126013959630256,0.42790668427340756,0.21549393196252278,-2923.0,-0.18380179840281707,0.3871596554109288,1.4747441936007797,0.5709614538137459,5.35377358490566,57399.0,17678.0,12443.0,23852.0,20821.0,21215.0,-394.0,3578.0,6174.0,1716.0,4675.0,4743.0,4.34,-0.00686423108416523,0.30798445965957594,1.0189232025359012,0.3696057422603181,0.12119499964686771,92568.0,95502.0,11203.0,81365.0,84299.0,3.8809324165688412,3.4112443400972663,4.940749021799888,6.666294019005031,3.8802518002765987,-7288.0,0.11310982011618953,0.09026888604353389,0.09001272264631033,0.0905448717948718,0.012497944417036777,2.2451751250893497,0.072072072072072,0.4075587334014301,1.0208952451708768,0.09137709137709127,0.08379751137629587,0.16981132075471694,-0.22980186443700978,-12201.0,0.05837173579109067,2.4007386888273317,2.166257938753694,0.42130415644846886,0.18864365214110546,0.14564520827264782
2025-08-31,2026,1,FY26 Q1,14926.0,4277.0,2927.0,1.01,10649.0,2063.0,2491.0,376.0,402.0,13.0,420.0,923.0,103.0,500.0,2909.0,2826.0,8140.0,8502.0,1351.0,1124.0,1413.0,95.0,10445.0,560.0,9079.0,,82236.0,4017.0,16290.0,0.0,512.0,180449.0,24666.0,24634.0,39874.0,8843.0,8203.0,13362.0,53194.0,455300.0,,2025-09-10,2841.714,2025-09-10,2025-09-09,7186.0,0.27796549884403343,table,3347.0,0.5538532961931291,table,3839.0,0.10665897953300664,table,,,,,,,1.48,1.47,-0.62,1771.0,6048.0,4884.0,0.672785742998794,0.28654696502746885,0.405198981642771,0.19610076376792174,-362.0,-0.02425298137478226,0.5453570950020099,1.0444717444717444,0.5696100763767922,4.800677583286279,59018.0,17964.0,12441.0,24481.0,21534.0,27414.0,-5880.0,3659.0,6517.0,1976.0,4792.0,5053.0,4.32,-0.09963062116642381,0.30438171405333964,1.2730565617163556,0.4645023552136636,0.13706041478809738,91315.0,95332.0,11005.0,80310.0,84327.0,3.7300355377639804,3.280503247416364,4.909538125170812,6.690625854058486,3.255898808075894,-12722.0,0.12166528894566775,0.07166123778501632,-0.0006828269033799517,0.11607307621332352,0.09600107715093587,2.6917064698219715,-0.01941747572815533,3.5943491422805245,1.3033688403914439,0.24019607843137258,0.09668308092539246,0.11340206185567014,-0.30907036844878005,-17151.0,2.3040638606676342,7.714595547121217,7.625954709902184,0.4814417794452633,0.22423958193755864,0.14602164226607256
2025-11-30,2026,2,FY26 Q2,16058.0,4731.0,6135.0,2.1,11327.0,2149.0,2561.0,409.0,406.0,22.0,407.0,1057.0,192.0,207.0,2922.0,2864.0,2066.0,12033.0,1704.0,1156.0,1435.0,0.0,19241.0,525.0,8091.0,,99984.0,4976.0,18679.0,0.0,506.0,204984.0,30457.0,34366.0,37795.0,9440.0,10140.0,11175.0,67875.0,523300.0,,2025-12-11,2873.13,2025-12-11,2025-12-10,7977.0,0.3436078827690754,table,4078.9999999999995,0.6758422350041084,table,3898.0,0.11276049100770758,table,,,,,,,1.64,2.26,38.04,2111.0,6842.0,5373.0,0.6654004234649395,0.29461950429692363,0.42608045833852287,0.3820525594719143,-9967.0,-0.6206875077842819,0.12865861252958027,5.8242981606969995,0.7493461203138623,5.700142112742776,61017.0,18475.0,15425.0,25604.0,22296.0,35477.0,-13181.0,3850.0,7129.0,1944.0,4778.0,5370.0,5.32,-0.2160217644263074,0.3027844699018306,1.5911822748475062,0.5814281265876723,0.11192354194254131,108075.0,113051.0,19766.0,88309.0,93285.0,4.221020153101078,3.44903140134354,4.798701298701299,6.6503896103896105,2.8994648192533736,-11875.0,0.14218649975104913,0.12109004739336493,0.9470009520787053,0.19636300052456712,0.584355828220859,2.0309823677581864,0.909090909090909,4.378211716341212,1.5679101089588379,0.4082721814543029,0.11075309922997101,0.30073349633251856,-0.38972427475707394,-22723.0,0.1493520755545794,8.576298408640215,8.14702951799726,0.49676173869722257,0.25401668950056044,0.15625872498836663
2026-02-28,2026,3,FY26 Q3,17190.0,5464.0,3721.0,1.27,11726.0,2052.0,2607.0,389.0,153.0,20.0,413.0,1180.0,196.0,695.0,2912.0,2874.0,7151.0,18635.0,2153.0,1328.0,1437.0,0.0,38455.0,677.0,9887.0,,124718.0,6250.0,21310.0,4954.0,556.0,245240.0,39051.0,54874.0,40737.0,10719.0,9474.0,11182.0,83617.0,552600.0,,2026-03-11,2876.046,2026-03-11,2026-03-10,8914.0,0.43542673107890506,table,4888.0,0.8431372549019607,table,4026.0,0.1315345699831365,table,19.0,21.0,46.0,50.0,1.96,2.0,1.69,1.79,5.69,2566.0,8030.0,6092.0,0.6456079115764979,0.31785922047702153,0.46713205351948806,0.2164630599185573,-11484.0,-0.6680628272251309,0.4159976730657359,2.6059292406656414,1.0840605002908668,7.262275915822292,64077.0,19581.0,16210.0,27725.0,23514.0,48250.0,-24736.0,4138.0,8144.0,2127.0,4908.0,5688.0,5.57,-0.3860355509777299,0.30558546748443277,2.0519690397210173,0.7530002965182515,0.11599498282161749,134605.0,140855.0,39132.0,95473.0,101723.0,4.855004508566276,3.443570784490532,4.731996133397777,6.700096665055582,2.444828557527336,-9937.0,0.21656050955414008,0.2537861404313906,0.2673705722070845,0.35894398375359615,0.20529243215911008,2.178949164107813,0.2450980392156863,3.2442396313364057,1.6154832655614637,0.6544165054803353,0.1486832906082498,0.307511737089202,-0.4902249993759874,-30548.0,0.0559908274412384,8.62399925090126,8.036649214659686,0.5185573007562536,0.28435136707388015,0.1465211277037434
2026-05-31,2026,4,FY26 Q4,19184.0,6133.0,4304.0,1.4500000000000002,13051.0,2068.0,2614.0,444.0,818.0,,432.0,1439.0,289.0,1065.0,2913.0,2876.0,14620.0,16493.0,2415.0,1203.0,1502.0,0.0,31289.0,605.0,7199.0,,122342.0,7701.0,30190.0,4954.0,548.0,261759.0,43056.0,46567.0,41764.0,10385.0,10977.0,15395.0,99957.0,638000.0,,2026-06-22,2880.471,2026-06-11,2026-06-10,9913.0,0.4714264509425561,table,5787.0,0.932220367278798,table,4126.0,0.102618920363442,table,27.0,29.0,58.0,64.0,1.72,1.76,1.96,2.11,7.52,2847.0,8980.0,6675.0,0.6520537948290241,0.3196934945788157,0.4680984153461218,0.2243536280233528,-1873.0,-0.09763344453711426,0.76209341117598,1.128112175102599,0.8597268557130943,5.7931155602388476,67358.0,20605.0,17087.0,29900.0,31977.0,55663.0,-23686.0,4599.0,9295.0,2467.0,4811.0,5787.0,5.83,-0.3516434573473084,0.3059027880875323,1.7407198924226788,0.8263754862080228,0.12616344481947428,129541.0,137242.0,31894.0,97647.0,105348.0,4.33247491638796,3.2657859531772577,4.480321809088933,6.501413350728419,2.2679069119286512,-15987.0,0.2063132742249889,0.20043061264435313,0.25590895827254156,0.31961792799412203,1.374533051810947,0.8164096916299559,0.2184873949579833,3.629898403483309,1.2967005192776067,0.6786556603773586,0.17350476489137434,0.3433179723502304,-0.34477922626314317,-23292.0,0.15454216431415135,9.471777665607648,8.314220183486238,0.516732693911593,0.3016576313594662,0.13136931416450626
2026-08-31,2027,1,FY27 Q1,19345.0,6728.0,4760.0,1.56,12617.0,1811.0,2401.0,376.0,165.0,,202.0,1428.0,306.0,847.0,3000.0,2966.0,23103.0,28499.0,3156.0,1127.0,1565.0,,36369.0,708.0,7625.0,,117712.0,9185.0,34621.0,4954.0,424.0,303259.0,67196.0,55630.0,47514.0,11394.0,11063.0,30789.0,127845.0,664000.0,,2026-09-11,3023.736,2026-09-11,2026-09-10,11607.0,0.6152240467575842,table,7388.0,1.2073498655512398,table,4219.0,0.09898411044542854,table,30.0,34.0,65.0,71.0,1.85,1.93,1.74,1.92,10.45,3358.0,10086.0,7662.0,0.6039286637373998,0.3477901266477126,0.5213750323080899,0.24605841302662187,-5396.0,-0.278935125355389,1.1942620832256396,1.233562740769597,1.4731972085810288,8.486896962477665,71777.0,23056.0,18920.0,33938.0,46940.0,75660.0,-28720.0,5104.0,10882.0,2814.0,4814.0,5939.0,6.380000000000001,-0.40012817476350365,0.321217102971704,1.611844908393694,1.0540981094222384,0.12947455599521487,125337.0,134522.0,37077.0,88260.0,97445.0,3.6931168601567563,2.600624668513171,4.517241379310345,6.649294670846395,1.3134710399428537,-30458.0,0.2960605654562509,0.5730652326397008,0.6262384694226171,0.6676587301587302,1.8382063882063884,2.3520348153375674,0.5445544554455446,0.4583790907094223,1.4033725608151295,0.8961038961038961,0.2161882815412246,0.47685185185185186,-0.30049755359707986,-22840.0,0.040752351097178785,9.250874235479332,8.581028689583873,0.6,0.38190746963039546,0.1474064346684176
