ticker,fiscal_year_end,revenue,ebitda,operating_income,net_ppe,capex,ppe_per_revenue,capex_per_revenue,ebitda_margin,operating_margin
AMZN,2022-12-31,513983000000.0,38352000000.0,12248000000.0,252838000000.0,63645000000.0,0.49191899342974377,0.12382705264571008,0.07461725387804655,0.023829581912242232
AMZN,2023-12-31,574785000000.0,89402000000.0,36852000000.0,276690000000.0,52729000000.0,0.48137999425872285,0.09173691032299033,0.15553989752690137,0.0641144079960333
AMZN,2024-12-31,637959000000.0,123815000000.0,68593000000.0,328806000000.0,82999000000.0,0.5154030274672824,0.13010083720113674,0.194079870336495,0.1075194487420038
AMZN,2025-12-31,716924000000.0,165341000000.0,79975000000.0,443079000000.0,131819000000.0,0.6180278523246536,0.18386746712343288,0.23062556142631577,0.11155296795755199
GOOGL,2022-12-31,282836000000.0,85160000000.0,74842000000.0,127049000000.0,31485000000.0,0.44919670763269176,0.11131892686928113,0.30109321302804454,0.2646127084246701
GOOGL,2023-12-31,307394000000.0,97971000000.0,84293000000.0,148436000000.0,32251000000.0,0.4828851571598665,0.10491746748472644,0.318714743944254,0.27421810445226646
GOOGL,2024-12-31,350018000000.0,135394000000.0,112390000000.0,184624000000.0,52535000000.0,0.5274700158277574,0.15009228096840735,0.3868201063945283,0.32109777211457696
GOOGL,2025-12-31,402836000000.0,180698000000.0,129039000000.0,261818000000.0,91447000000.0,0.6499369470454478,0.22700801318650765,0.44856467644401193,0.32032638592380025
MSFT,2023-06-30,211915000000.0,105140000000.0,88523000000.0,109987000000.0,28107000000.0,0.5190146992898096,0.13263336715192411,0.49614232121369417,0.417728806361041
MSFT,2024-06-30,245122000000.0,131680000000.0,109433000000.0,154552000000.0,44477000000.0,0.6305105212914386,0.18144842160230415,0.5372018831439038,0.44644299573273716
MSFT,2025-06-30,281724000000.0,155445000000.0,128528000000.0,229789000000.0,64551000000.0,0.8156529085203958,0.22912850875324786,0.5517634280359501,0.4562195624085985
MSFT,2026-06-30,331839000000.0,207519000000.0,155237000000.0,337253000000.0,115948000000.0,1.0163151407760993,0.34941040685392616,0.6253604910815185,0.4678081840892722
NVDA,2023-01-31,26974000000.0,5986000000.0,5577000000.0,4845000000.0,1833000000.0,0.17961740935715875,0.067954326388374,0.2219174019426114,0.20675465262845702
NVDA,2024-01-31,60922000000.0,35583000000.0,32972000000.0,5260000000.0,1069000000.0,0.086339910048915,0.017547027346442992,0.5840747184924986,0.5412166376678376
NVDA,2025-01-31,130497000000.0,86137000000.0,81453000000.0,8076000000.0,3236000000.0,0.06188648014896894,0.024797504923484832,0.6600688138424639,0.6241752683969747
NVDA,2026-01-31,215938000000.0,144552000000.0,130387000000.0,13250000000.0,6042000000.0,0.06136020524409784,0.027980253591308617,0.6694143689392326,0.6038168363141272
