period_end,accession,pr_cloud_rev_bn,pr_cloud_growth_pct,pr_cloud_prior_year_bn,pr_cloud_source,pr_iaas_rev_bn,pr_iaas_growth_pct,pr_iaas_prior_year_bn,pr_iaas_source,pr_saas_rev_bn,pr_saas_growth_pct,pr_saas_prior_year_bn,pr_saas_source,pr_parse_consistent,guid_rev_growth_lo,guid_rev_growth_hi,guid_cloud_growth_lo,guid_cloud_growth_hi,guid_eps_nongaap_lo,guid_eps_nongaap_hi,override_applied
2018-05-31,0001564590-18-015818,,,,,,,,,,,,,,,,,,,,
2018-08-31,0001564590-18-023209,,,,,,,,,,,,,,,,,,,,
2018-11-30,0001564590-18-030992,,,,,,,,,,,,,,,,,,,,
2019-02-28,0001564590-19-007818,,,,,,,,,,,,,,,,,,,,
2019-05-31,0001564590-19-022864,,,,,,,,,,,,,,,,,,,,
2019-08-31,0001564590-19-034522,,,,,,,,,,,,,,,,,,,,
2019-11-30,0001564590-19-045836,,,,,,,,,,,,,,,,,,,,
2020-02-29,0001564590-20-010464,,,,,,,,,,,,,,,,,,,,
2020-05-31,0001564590-20-029533,,,,,,,,,,,,,,,,,,,,
2020-08-31,0001564590-20-043143,,,,,,,,,,,,,,,,,,,,
2020-11-30,0001564590-20-056722,,,,,,,,,,,,,,,,,,,,
2021-02-28,0001564590-21-012058,,,,,,,,,,,,,,,,,,,,
2021-05-31,0001564590-21-032994,,,,,,,,,,,,,,,,,,,,
2021-08-31,0001564590-21-047736,,,,,,,,,,,,,,,,,,,,
2021-11-30,0001564590-21-059893,2.7,22.0,,headline,,,,,,,,,,,,,,,,
2022-02-28,0001564590-22-009640,2.8,24.0,,headline,,,,,,,,,,,,,,,,
2022-05-31,0001564590-22-023099,2.9,19.0,,headline,,,,,,,,,,,,,,,,
2022-08-31,0001564590-22-031466,3.6,45.0,,headline,0.9,52.0,,headline,2.7,43.0,,headline,1.0,,,,,,,
2022-11-30,0001564590-22-039236,3.8,43.0,,headline,1.0,53.0,,headline,2.8,40.0,,headline,1.0,,,,,,,
2023-02-28,0001564590-23-003362,4.1,45.0,,headline,1.2,55.0,,headline,2.9,42.0,,headline,1.0,,,,,,,
2023-05-31,0000950170-23-027490,4.4,54.0,,headline,1.4,76.0,,headline,3.0,45.0,,headline,1.0,,,,,,,
2023-08-31,0000950170-23-047471,4.6,30.0,,headline,1.5,66.0,,headline,3.1,17.0,,headline,1.0,,,,,,,
2023-11-30,0000950170-23-069410,4.8,25.0,,headline,1.6,52.0,,headline,3.2,15.0,,headline,1.0,,,,,,,
2024-02-29,0000950170-24-029250,5.1,25.0,,headline,1.8,49.0,,headline,3.3,14.0,,headline,1.0,,,,,,,
2024-05-31,0000950170-24-071916,5.3,20.0,,headline,2.0,42.0,,headline,3.3,10.0,,headline,1.0,,,,,,,
2024-08-31,0000950170-24-104753,5.6,21.0,,headline,2.2,45.0,,headline,3.5,10.0,,headline,1.0,,,,,,,
2024-11-30,0000950170-24-134537,5.9,24.0,,headline,2.4,52.0,,headline,3.5,10.0,,headline,1.0,,,,,,,
2025-02-28,0000950170-25-036295,6.2,23.0,,headline,2.7,49.0,,headline,3.6,9.0,,headline,1.0,,,,,,,
2025-05-31,0000950170-25-084831,6.7,27.0,,headline,3.0,52.0,,headline,3.7,12.0,,headline,1.0,,,,,,,
2025-08-31,0001193125-25-199175,7.186,27.796549884403344,5.623,table,3.347,55.385329619312905,2.154,table,3.839,10.665897953300663,3.469,table,1.0,,,,,,,
2025-11-30,0001193125-25-314207,7.977,34.36078827690754,5.937,table,4.079,67.58422350041084,2.434,table,3.898,11.276049100770758,3.503,table,1.0,,,,,,,
2026-02-28,0001193125-26-100148,8.914,43.54267310789051,6.21,table,4.888,84.31372549019606,2.652,table,4.026,13.15345699831365,3.558,table,1.0,19.0,21.0,46.0,50.0,1.96,2.0,
2026-05-31,0001193125-26-265848,9.913,47.142645094255606,6.737,table,5.787,93.22203672787981,2.995,table,4.126,10.2618920363442,3.742,table,1.0,27.0,29.0,58.0,64.0,1.72,1.76,
2026-08-31,0001193125-26-387905,11.607,61.52240467575842,7.186,table,7.388,120.73498655512398,3.347,table,4.219,9.898411044542854,3.839,table,1.0,30.0,34.0,65.0,71.0,1.85,1.93,
