snapshot_date,period,eps_avg,eps_low,eps_high,eps_n_analysts,eps_year_ago,rev_avg,rev_low,rev_high,eps_7d_ago,eps_30d_ago,eps_60d_ago,eps_90d_ago,up_30d,down_30d
2026-10-01,0q,1.73834,1.81,2.04,35,1.47,19129103030,18636500000,19295700000,1.74084,1.73873,1.73873,1.72623,2,0
2026-10-01,+1q,2.02218,1.89,2.12,34,1.79,23379576170,22970798000,23774022000,2.02218,2.06181,2.06091,2.06094,2,0
2026-10-01,0y,8.1414,8.07,8.37,37,7.63,90475486470,89098457000,91688285000,8.1414,8.05748,8.05139,8.03973,4,0
2026-10-01,+1y,10.99719,9.0,13.3,39,8.1414,131447872860,107657000000,139642000000,10.99719,10.92613,10.89015,10.91908,4,0
2026-10-03,0q,1.89225,1.81,2.04,35,2.26,21321875010,21173400000,21518000000,1.89225,1.8917,1.88765,1.88765,2,0
2026-10-03,+1q,2.02218,1.89,2.12,34,1.79,23379576170,22970798000,23774022000,2.02218,2.06181,2.06091,2.06091,2,0
2026-10-03,0y,8.1414,8.07,8.37,37,7.63,90475486470,89098457000,91688285000,8.1414,8.05748,8.05139,8.04521,4,0
2026-10-03,+1y,10.99719,9.0,13.3,39,8.1414,131447872860,107657000000,139642000000,10.99719,10.92613,10.89015,10.9216,4,0
2026-10-06,0q,1.89225,1.81,2.04,35,2.26,21321875010,21173400000,21518000000,1.89225,1.8917,1.88765,1.88765,15,13
2026-10-06,+1q,2.02218,1.89,2.12,34,1.79,23379576170,22970798000,23774022000,2.02218,2.06181,2.06091,2.06091,5,23
2026-10-06,0y,8.1414,8.07,8.37,37,7.63,90448756050,89098457000,91688285000,8.1414,8.05748,8.05139,8.04521,35,1
2026-10-06,+1y,10.99719,9.0,13.3,39,8.1414,131711026710,117920000000,139642000000,10.99719,10.92613,10.89015,10.9216,23,10
2026-10-07,0q,1.89225,1.81,2.04,35,2.26,21321875010,21173400000,21518000000,1.89225,1.8917,1.88765,1.88765,15,13
2026-10-07,+1q,2.02218,1.89,2.12,34,1.79,23379576170,22970798000,23774022000,2.02218,2.06181,2.06091,2.06091,5,23
2026-10-07,0y,8.1414,8.07,8.37,37,7.63,90448756050,89098457000,91688285000,8.1414,8.05748,8.05139,8.04521,35,1
2026-10-07,+1y,10.99719,9.0,13.3,39,8.1414,131711026710,117920000000,139642000000,10.99719,10.92613,10.89015,10.9216,23,10
2026-10-08,0q,1.89379,1.81,2.04,34,2.26,21321875010,21173400000,21518000000,1.89225,1.88946,1.88765,1.88765,15,13
2026-10-08,+1q,2.02255,1.89,2.12,33,1.79,23379576170,22970798000,23774022000,2.02218,2.06488,2.06091,2.06091,5,23
2026-10-08,0y,8.1414,8.07,8.37,37,7.63,90448756050,89098457000,91688285000,8.1414,8.06295,8.05139,8.04521,35,1
2026-10-08,+1y,10.99719,9.0,13.3,39,8.1414,131711026710,117920000000,139642000000,10.99719,10.92613,10.89015,10.9216,23,10
2026-10-09,0q,1.89379,1.81,2.04,34,2.26,21321875010,21173400000,21518000000,1.89225,1.88946,1.88765,1.88765,15,13
2026-10-09,+1q,2.02255,1.89,2.12,33,1.79,23379576170,22970798000,23774022000,2.02218,2.06488,2.06091,2.06091,5,23
2026-10-09,0y,8.1414,8.07,8.37,37,7.63,90448756050,89098457000,91688285000,8.1414,8.06295,8.05139,8.04521,35,1
2026-10-09,+1y,10.99719,9.0,13.3,39,8.1414,131711026710,117920000000,139642000000,10.99719,10.92613,10.89015,10.9216,23,10
