period_end,reaction_date,alpha,beta,sigma,est_obs,est_r2,car_1d,car_1d_t,car_3d,car_3d_t,car_5d,car_5d_t,car_20d,car_20d_t,car_pre_5d,car_1d_nasdaq,car_5d_nasdaq,car_1d_mktadj,raw_return_1d,eps_surprise_pct,revenue_yoy,revenue_accel,eps_ttm_yoy,oci_growth,rpo_yoy,rpo_qoq,guid_rev_mid,guid_cloud_mid,guid_eps_mid,fcf_margin_chg
2011-02-28,2011-03-25,0.0007287596574448115,0.9136685578983769,0.012007992422325019,221,0.4273485059096209,0.012035752534889105,1.0023118029715339,0.022643086667301873,1.088690908760545,0.024298809555467243,0.9049604301436751,0.04634948292623316,0.8630967683851689,0.022027119749466202,0.01288645234646985,0.025905307405305722,0.012500663118309108,0.015556896949249,9.08,,,,,,,,,,
2011-05-31,2011-06-24,0.0010391900445004146,1.0683892592286353,0.012253617053033837,221,0.38071203879166915,-0.029296943701121615,-2.390881286262171,-0.016645753150482043,-0.7842933250403358,-0.02050639332797046,-0.7484106816172668,-0.06495986333010094,-1.185402396586552,0.034251151801580684,-0.02516464161626305,-0.01942342358288859,-0.029051985539300884,-0.04066538641010797,5.04,,,,,,,,,,
2011-08-31,2011-09-21,-0.0001569525217858265,1.2878459620825575,0.00997889546296571,221,0.6374106099361372,0.08007043232268461,8.023977465226178,0.0933904581446329,5.403304037972319,0.09084076197942953,4.071114276479534,0.09753110727524993,2.185474200001974,-0.009237824976343716,0.062380087832334494,0.0846978378578822,0.0714339817110915,0.04197552403998728,3.13,0.1162356704878699,,,,,,,,,
2011-11-30,2011-12-21,0.0002260265502453049,1.2462928086170262,0.010768036302510367,221,0.7295878882586047,-0.11919804235659101,-11.069617431434756,-0.13053556578519543,-6.99893108897978,-0.13680002979200684,-5.681521817819469,-0.08838288217322567,-1.8353405118128467,-0.07262926537756341,-0.09902410458949044,-0.12020329770694989,-0.11849505427425389,-0.11655849130771812,-5.31,0.0244698205546491,-0.09176584993322079,,,,,,,,
2012-02-29,2012-03-21,-0.000512308745026032,1.2281372384683056,0.013735023189232974,221,0.6448481586034573,-0.020400312280522158,-1.4852768720852378,-0.04381460194116916,-1.8417422290921504,-0.028329125885793602,-0.9223988973450137,-0.003288650472168377,-0.0535393781917301,-0.006974230920721636,-0.022221495028471268,-0.04088760733268479,-0.02128619960229261,-0.022923716472631694,10.36,0.0313783660429027,0.006908545488253599,,,,,,,,
2012-05-31,2012-06-19,-0.0009462005288131353,1.197434393834475,0.013675548804794201,221,0.634909806187916,0.020337585572723374,1.4871495003983812,0.04612806000364875,1.9474207756083244,0.05125951264728766,1.6762728342231277,0.10394186277587075,1.6995374313118807,-0.016448936755997366,0.019613293074181484,0.05459097690581431,0.021301022753085208,0.03097328740812788,4.7,0.0130858468677494,-0.0182925191751533,0.1736526946107783,,,,,,,0.0506009490750532
2012-08-31,2012-09-21,-0.00075325547906477,1.2087247228536468,0.012319049311219056,221,0.5693521150883604,0.007768217086124648,0.6305857611147048,-0.012291849582982657,-0.5760755141316305,-0.01764491172291805,-0.6405562811327576,-0.01685190931427829,-0.30588411350111905,-0.008122013098977584,0.006855099385797742,-0.01185310904315862,0.006927729719658493,0.00650980180863403,-0.56,-0.0230475280630523,-0.0361333749308017,0.1420454545454548,,,,,,,0.024202677095673
2012-11-30,2012-12-19,-0.000390930909507262,1.1359236775013066,0.012230436253729639,221,0.3670794451453073,0.04562973802424688,3.7308348678349237,0.04048504267126177,1.9111379021560753,0.04511268958352068,1.6495738739627925,0.032063281056302094,0.5862070210431728,0.009086420841995168,0.04182323845242412,0.05184683214126916,0.044229052449375805,0.036800216768012595,5.05,0.0343494085532301,0.057396936616282396,0.1648351648351649,,,,,,,0.0003589720116427
2013-02-28,2013-03-21,0.0003144142632521716,1.1717620506234627,0.009275821572600063,221,0.5258960335354503,-0.08731293633254879,-9.412959881684582,-0.1251939138087025,-7.792381437334669,-0.11292044667949731,-5.44421413992809,-0.09611564040163971,-2.317003447692968,0.0003529073622000967,-0.0866657670824269,-0.11253196540304938,-0.08846581605100812,-0.09700841307046326,-1.9,-0.0089611682708263,-0.043310576824056396,0.1204188481675392,,,,,,,0.0005329814956945
2013-05-31,2013-06-21,-0.00023904022978361942,1.2148667221735183,0.010417262223187803,221,0.4500781063432795,-0.09610336499155239,-9.225395591716577,-0.09791908365380052,-5.426916218014072,-0.10030748466113226,-4.306205403086657,-0.10608532068645346,-2.2771240983236414,0.00647810456772166,-0.08717921611257866,-0.08875706557879867,-0.09565257472530841,-0.0924420706088519,-0.66,0.002839868083547,0.011801036354373299,0.1530612244897957,,,,,,,0.0123234762887209
2013-08-31,2013-09-19,-0.0006355442516121547,0.9952781891374488,0.012896288849881955,221,0.2499417271072626,0.0028939582038799917,0.22440240270412998,0.017219532666541346,0.7708963358430205,0.021708523223445426,0.7528015878645762,-0.007858428399989612,-0.13625609896953045,0.007680296740131031,-0.0014013744831309232,0.007992367905377759,0.002266327004499913,0.0005904758401014121,5.12,0.0233467791223567,0.020506911038809698,0.1542288557213929,,,,,,,0.0175177871844482
2013-11-30,2013-12-19,-0.0009082328739328521,1.037384537013458,0.012382252150540705,221,0.26866281966821637,0.059910338630838805,4.838404023958005,0.059263438612807265,2.763290701902966,0.07400758179682172,2.6729545116046274,0.1058843766081561,1.9121292392732177,-0.010728396966178912,0.061510623578091936,0.07063415337873095,0.05895888877019462,0.05780287641418291,2.63,0.0199032329008137,-0.003443546221542998,0.1084905660377355,,,,,,,0.0448470029518598
2014-02-28,2014-03-19,-0.0004418738817786087,0.9854425366590044,0.013085501074900613,221,0.234700368379124,-0.0017747635138660655,-0.1356282425646085,-0.030165745433226913,-1.3309540954136954,-0.005987569455763183,-0.2046327801503709,0.050460564758689756,0.8622768997351333,-0.0011534675721280273,-0.0016180649200908184,0.01185609021625285,-0.0021390689832156973,-0.007467498161569552,-2.95,0.0389595891940164,0.0190563562932027,0.1168224299065421,,,,,,,0.0296344558041998
2014-05-31,2014-06-20,0.0006302635644748561,1.0497809096559398,0.009481423724904075,221,0.3580279273755169,-0.04251678270738088,-4.484219241853473,-0.03854499334539912,-2.347111882092756,-0.05882144380973389,-2.774451405389118,-0.08113847607369148,-1.913543296403515,-0.006841774540655274,-0.04138797529934195,-0.06549180738307386,-0.04178543712123717,-0.03975489926310072,-3.64,0.0340732620809354,-0.004886327113081006,0.0575221238938052,,,,,,,0.0096042456865831
2014-08-31,2014-09-19,0.00015414517626819325,1.1103955511037882,0.00911307065235951,221,0.3903757899761109,-0.04127108676626545,-4.528779413729198,-0.05112404992609332,-3.238917496952752,-0.04375607281236535,-2.1472795936580757,-0.016039732714181923,-0.3935658359079194,0.012079944777585786,-0.041716625025688354,-0.05010226594156972,-0.04121643942182307,-0.0421177242184565,-2.91,0.0267558528428093,-0.007317409238126096,0.0344827586206897,,,,,,,0.0031259426030407
2014-11-30,2014-12-18,-0.0001817104104557762,1.0262520153916468,0.008539383246751483,221,0.4113501891307697,0.07660259190338627,8.970506380835772,0.0746019847342196,5.043862621433124,0.08614949889223278,4.511710745008597,0.061673013836386556,1.61492987643934,0.014073358168790632,0.08334697408529708,0.10036677453728257,0.07707004101637382,0.10179802908733504,1.05,0.0348247978436657,0.008068945000856396,0.0212765957446809,,,,,,,-0.0145794318316354
2015-02-28,2015-03-18,6.9425777003915e-05,1.0558485337669117,0.010457550906125723,221,0.35913649209077736,0.016628889706072042,1.5901323221225088,0.01832735342293386,1.0118337005719056,0.010372988324454945,0.4435973055547094,0.011757238072106404,0.251397136794989,0.009580722936240554,0.021340973385631658,0.00963614520159618,0.017369707228931164,0.029391361166298813,-0.22,0.0021489201676156,-0.0326758776760501,0.0041841004184102,,,,,,,-0.0313235241539153
2015-05-31,2015-06-18,-0.00018449649706581508,1.0779200443213475,0.01039268627335096,221,0.38417825885835577,-0.05934358055570568,-5.710129123004044,-0.08902346434695574,-4.945566502541556,-0.08851422180419789,-3.80890583481191,-0.09740778742463689,-2.0958049583181317,0.024900399284108157,-0.06053316830163984,-0.09352581190647871,-0.05871776415801333,-0.048318477275983596,-9.79,-0.0542402826855124,-0.056389202853128,-0.0711297071129707,,,,,,,-0.0360580068761633
2015-08-31,2015-09-17,-0.00038014590813371355,1.0579451269109958,0.010837206959634168,221,0.3756484710379805,-0.037220531476346304,-3.4345133035645894,-0.02206774093220941,-1.1756549648884917,-0.028788210252841027,-1.1879886637891053,-0.015179587903553136,-0.3132042282592353,0.004455960010514718,-0.03972876603618271,-0.036940376614776296,-0.0377309421609453,-0.03997901345545418,1.31,-0.0172173103769195,0.0370229723085929,-0.1083333333333332,,,,,,,-0.0719739027773004
2015-11-30,2015-12-17,-0.0005757711391799528,0.9750821434508306,0.00901623807633281,221,0.5186047589462937,-0.035452637692050246,-3.932087572655353,-0.038752733722851866,-2.481511807618837,-0.04456445523040992,-2.210437444792343,-0.02029778449315617,-0.5033942708154258,-0.0009213694654963793,-0.0388045656259324,-0.04002404423618103,-0.03564870181777591,-0.05088705158132922,4.98,-0.0630339654094602,-0.045816655032540704,-0.1291666666666666,,,,,,,-0.0732317616311964
2016-02-29,2016-03-16,-0.0005019070533295022,1.0608296126126187,0.00894538996607393,221,0.6085561484348577,0.0325663930492119,3.640578350717231,0.05379136948600928,3.471783988245349,0.051466176112934664,2.5729871758962886,0.04371850206419268,1.0928259456631022,-0.0018678384442916696,0.03147552322206304,0.05643341245743322,0.0324165134062846,0.03820361931215355,3.25,-0.0337729173367642,0.029261048072696,-0.1541666666666666,,,,,,,-0.0125338198979717
2016-05-31,2016-06-17,-9.978692967315814e-05,1.0716402568752363,0.00807878516507662,221,0.6786194484422812,0.031005316156541354,3.8378686303694147,0.029066083483898223,2.077207250944099,0.03805324778832866,2.106496139721012,0.04128431593896106,1.1426784467936704,0.008884626372291966,0.03680357826874368,0.04776440255595643,0.030638723699514703,0.02691448346098313,-0.68,-0.0104614235008406,0.023311493835923597,-0.0675675675675675,,,,,,,-0.004680829877612
2016-08-31,2016-09-16,3.193859208565388e-05,1.1365185430164315,0.008088055633638468,221,0.6434759286432448,-0.04311816003910148,-5.331090931146881,-0.03956203698342478,-2.824059790967953,-0.048306213207727065,-2.670999838795227,-0.06105983086267139,-1.6880933896612196,0.02004329200940275,-0.04727857544347777,-0.04661102324508078,-0.04361393325250762,-0.04747942869240751,-5.06,0.0174005681818181,0.027861991682658703,-0.0186915887850467,,,,,,,0.0264799806310245
2016-11-30,2016-12-16,5.967351547462459e-05,1.0607880426670204,0.0077248300224962065,221,0.5830982122561066,-0.041058450136385954,-5.315126678103695,-0.05012466889508901,-3.7462948693166167,-0.0464702708664745,-2.690303457491153,-0.043760767493146446,-1.266721087419067,0.004412603348082681,-0.040212126714508765,-0.04798196173771658,-0.04111767605393202,-0.04307364350746534,1.74,0.004670299121539,-0.0127302690602791,-0.0047846889952154,,,,,,,0.035872490026859
2017-02-28,2017-03-16,-0.000582930906429072,1.0340578157189853,0.008006709291428686,221,0.4150804319195195,0.06487027118773527,8.101989072736782,0.058038202261700464,4.185036633582535,0.06030957491459789,3.368582629758342,0.06078322006550974,1.697519005758192,0.002796881640374232,0.06339846645097835,0.051427385138740005,0.06422034746376926,0.062253315341401105,11.75,0.0214158899245451,0.0167455908030061,0.0394088669950738,,,,,,,-0.0236416692634062
2017-05-31,2017-06-22,-1.0982242149969973e-05,0.9303696073651215,0.00827314068670371,221,0.3195744520949586,0.08612171206525142,10.40979663305655,0.09557678802683918,6.669931817340029,0.09496831209141034,5.133615142943209,0.09065963339534044,2.4503524207317935,0.033964739153236015,0.08619652453118512,0.1022554904914404,0.08614225635337369,0.08568948667795961,13.58,0.0282235227487257,0.0068076328241806,0.0676328502415459,,,,,,,-0.013104929688036
2017-08-31,2017-09-15,0.0006752110571557406,0.8161592601423138,0.009740672808534781,221,0.13854440984400407,-0.07849347160214082,-8.05832134443165,-0.09680896664750806,-5.738072107805027,-0.09772398409176553,-4.486701807083196,-0.11539943690780756,-2.6491084400757225,0.006452702777888392,-0.0795185703639397,-0.0927129881759236,-0.0780658120576091,-0.07671925789983292,2.68,0.0688772542175684,0.040653731468842706,0.0952380952380951,,,,,,,-0.0077132476863678
2017-11-30,2017-12-15,0.0007280193947475334,0.791767969812275,0.010461913560311403,221,0.09631500826110229,-0.04497825526561102,-4.299237898145301,-0.05832431548340511,-3.2186806983752496,-0.0722666486082899,-3.0891698323192203,-0.058421283148519694,-1.2486622040964808,0.025847439989029115,-0.04414981088066727,-0.0688666189172665,-0.04598429810256843,-0.03765675007769609,2.67,0.064858882125069,-0.004018372092499403,0.1201923076923079,,,,,,,-0.0149167012341189
2018-02-28,2018-03-20,-0.00014268508742461858,0.9493214793450675,0.010602596172307478,221,0.19069279671544304,-0.09579328054051921,-9.034889095438537,-0.0946261242117703,-5.152739706217323,-0.08631754922416494,-3.6408423857646786,-0.09391446460778463,-1.980638737161313,0.006499771322039428,-0.09624935521712483,-0.09512148781010395,-0.09602215051367136,-0.09432153090967077,14.81,0.0614883215643671,-0.003370560560701903,-0.5924170616113744,,,,,,,0.0242098374273125
2018-05-31,2018-06-20,-0.00039461101377639035,1.037202329351193,0.012522312371700503,221,0.31053245059105894,-0.07593728377055012,-6.064158241425342,-0.04079647252173365,-1.8809508733898108,-0.021166610282052932,-0.7559303431988902,0.04497548356757169,0.8031123613023087,-0.03461991079791518,-0.07939639958258661,-0.018783637413733303,-0.07626841353005454,-0.07456203504840897,5.14,0.0329569448269531,-0.028531376737414002,-0.592760180995475,,,,,,,0.0218486619804552
2018-08-31,2018-09-18,-0.00047128770093366563,1.040262937386078,0.011873830980234224,221,0.3422876487057114,-0.008222842922037855,-0.692518104369686,0.011570114315230544,0.5625824239517117,0.03294423962163082,1.24080525288992,0.021685128909497177,0.4083721793176903,0.004463142489836463,-0.008441113333926758,0.03263247581468629,-0.008475666062979004,-0.003049719170488796,3.75,0.0006530967671709,-0.032303848059782196,-0.5869565217391304,,,,,,,0.0194373137864564
2018-11-30,2018-12-18,0.0001242971414567891,1.014260792989616,0.011612823188721049,221,0.4025059557012708,0.0036116043571481175,0.31100140753506755,0.043627539596400346,2.1690136257759436,0.012744811044459264,0.4908068157531226,0.024012799825872844,0.46237036307327334,0.013111631461444735,-0.001652008644480953,-0.0071720420823967145,0.0037202645451770433,0.0026237649718889866,2.36,-0.0061324186674981,-0.006785515434669,-0.5536480686695279,,,-0.0383386581469649,,,,0.0237531144197905
2019-02-28,2019-03-15,-4.012861874924629e-05,0.9354220565637112,0.012564780221200032,221,0.3842808264976071,-0.006654647996892567,-0.52962709094302,0.010473944034581784,0.48127657638131943,0.0034931923466409685,0.12433190884456558,-0.007115112622128947,-0.12662279172860522,-0.011691243901031382,-0.007825025443989359,-0.00213950998345238,-0.007013797950240264,-0.00207370048626343,3.41,-0.0160679561969092,-0.0099355375294111,2.186046511627907,,,0.0465116279069768,,,,-0.0049276692209966
2019-05-31,2019-06-20,0.0009280168856384852,0.9145039433148674,0.00886533563167901,221,0.506833624941592,0.07214941261310828,8.138373504472032,0.06852401552038119,4.462590075583348,0.07526388352646976,3.796701372803851,0.06516656219630333,1.64367000850147,-0.03699197336036196,0.07507821581094831,0.074212092386335,0.07226059312780064,0.08181467553366395,7.98,-0.0102204052612868,0.005847550935622399,2.311111111111111,,,0.1492063492063491,,,,-0.0163930335378918
2019-08-31,2019-09-12,0.0005077092403790268,0.975217911561034,0.009963177424189194,221,0.5004853989134982,-0.04652204655722858,-4.669398584058093,-0.05782454129639208,-3.3508401047023892,-0.0728371542674785,-3.269415394215468,-0.010589577178350318,-0.2376652890500816,0.038563071666244994,-0.04593054992527662,-0.07057009247967201,-0.046100176666467485,-0.04263641089751946,0.24,0.002719460459045,0.0129398657203318,2.2,,0.0798722044728434,-0.0662983425414365,,,,-0.0410629793604049
2019-11-30,2019-12-13,2.053176824543743e-05,1.0422774905525203,0.009639474974132218,221,0.5118705368079137,-0.03535324462407733,-3.667548774072103,-0.07362317586329256,-4.409613647769619,-0.07040269284478612,-3.2662610240170644,-0.0690052596733431,-1.6007142696950756,0.015212101880779871,-0.037330221320853556,-0.07448222179332159,-0.035307398231749665,-0.034708625131658066,1.51,0.0054381928466848,0.0027187323876398,2.0000000000000004,,0.0897009966777409,-0.029585798816568,,,,-0.0378318117920372
2020-02-29,2020-03-13,-0.0007162109701002699,1.1582440660579907,0.00944064737840908,221,0.465955163282325,0.10597315129697753,11.22519961282951,0.15981896373231796,9.773855333638172,0.17964387960416386,8.509923322745509,0.1832052819694826,4.339315386968883,0.04507519449921066,0.1330826639898769,0.1444658370142,0.11878466591254,0.20427112946628445,1.06,0.0189307260245474,0.0134925331778626,0.1496350364963503,,0.0730158730158729,0.0304878048780488,,,,-0.020340593970572
2020-05-31,2020-06-17,0.00016763591705120756,1.0181724919312192,0.01641105826492514,221,0.6279029708550872,-0.05217544808277624,-3.179286018031467,0.008259452324879162,0.2905721828627983,0.011210563748243491,0.30549623555652683,0.00623204078424365,0.08491388310955746,0.03189169999008716,-0.058794003723156414,-0.009385619068213355,-0.05208329890744634,-0.05623720042007396,4.16,-0.0626739696507138,-0.0816046956752612,0.0369127516778522,,0.022099447513812,0.0946745562130177,,,,-0.0300189972157631
2020-08-31,2020-09-11,-9.187950402321414e-05,0.98058260955737,0.01622933812029462,221,0.6291603703452828,-0.006163427197689887,-0.37977070611293656,0.04419889565171249,1.5723527424997132,0.044392892079969784,1.2232849383363815,0.03453123242543281,0.47576914398965625,0.03875890550508804,0.0019110615886348496,0.061572340405019695,-0.006265192480265469,-0.005756072648660071,7.77,0.0161640269038836,0.0788379965545974,0.0460526315789473,,0.0502958579881656,-0.0405405405405405,,,,-0.0150718095310106
2020-11-30,2020-12-11,6.745741276876176e-05,0.9626091944272493,0.016713432126681405,221,0.6217170781000049,0.020058938909622973,1.2001687479617538,0.031798818092485574,1.0984611686249648,0.052863580640859456,1.4145097063373129,0.026176805798664396,0.3502160223942376,0.0032471156806838913,0.0218390929320779,0.04732116921943079,0.02017022592299844,0.018998023293626654,6.13,0.0193467859371749,0.003182759033291297,0.0544871794871792,,0.048780487804878,-0.0309859154929577,,,,-0.000385527678918
2021-02-28,2021-03-11,0.0004329110254914319,0.9263254031369914,0.01661950449366839,221,0.5320660295875699,-0.0751324592157165,-4.5207400283408,-0.07799157354562829,-2.709374157228676,-0.10326433852109354,-2.7787360408089734,-0.004739170025661418,-0.063763070303002,0.055693818024069586,-0.08372716277779252,-0.11141010442926341,-0.07544653267836054,-0.0653075632107104,4.54,0.0295018374846876,0.0101550515475127,0.3269841269841267,,0.0443786982248519,0.0261627906976744,,,,0.0107853455888394
2021-05-31,2021-06-16,0.0012875555233769263,0.5609328489553462,0.013360695114164543,221,0.1513576549795118,-0.05401040129172524,-4.042484379009989,-0.05975337454663777,-2.582098205572823,-0.04142210259466028,-1.386494286130899,0.042839115934163494,0.7169625121018555,-0.0446405525654205,-0.05653562995714957,-0.04778410560054898,-0.05027142414362851,-0.05585467403806321,15.62,0.0754861576779384,0.0459843201932508,0.475728155339806,,0.1162162162162161,0.1699716713881018,,,,0.0434458448719176
2021-08-31,2021-09-14,0.001088374175765979,0.5900086613329026,0.013857970236744597,221,0.13023491502955908,-0.02602881192584104,-1.8782557244079867,-0.022158731392450295,-0.9231762888630002,-0.021153532926529356,-0.6826502984193334,0.06794956077922952,1.0964075860167475,-0.009178334993603845,-0.029026033708940947,-0.032107272088777186,-0.022727974564426656,-0.02812434023605581,6.4,0.0385395537525354,-0.036946603925403,0.4779874213836477,,0.0901408450704226,-0.0629539951573849,,,,0.0149529105432191
2021-11-30,2021-12-10,0.001609173364034247,0.6009329744139379,0.014265063734855065,221,0.09792383575821284,0.14886801551888362,10.435846504852377,0.12824147948747627,5.190320497654794,0.1544257535563558,4.841289023965932,-0.028818767716547185,-0.45173807029352625,-0.033169754493928165,0.15228387046027264,0.1550782191776891,0.14672055014259144,0.15613410350448476,8.53,0.0571428571428571,0.0186033033903217,0.0547112462006078,,0.0813953488372092,-0.0387596899224805,,,,-0.1355626066211602
2022-02-28,2022-03-11,0.0005081084753424326,0.9723441628522462,0.01632652933515701,221,0.1807223435863008,0.02711995043791637,1.6610970942561052,0.04799216400674085,1.6971328222599265,0.013313774610995062,0.3646887156009202,0.002096324114672775,0.028711081988420106,0.000535613639730691,0.024861686115198324,0.02730656365463849,0.02797971242352293,0.015264367435577464,-4.02,0.0424392662369856,-0.014703590905871498,-0.3708133971291866,,0.0906515580736544,0.0349462365591397,,,,-0.1651189279346092
2022-05-31,2022-06-14,2.4876966488635875e-05,1.0141466367304683,0.015733577091375437,221,0.3203368100654912,0.10716848331395815,6.811450612378792,0.09759814174163109,3.581405110845773,0.05483348008442728,1.5585952031070074,0.08394058508715639,1.1929699980869273,-0.0349878232522567,0.10277537422347144,0.04407070079770809,0.1071507315907747,0.10413738711291298,11.95,0.0546005166117395,0.0121612503747539,-0.4692982456140352,,0.1283292978208232,0.2103896103896103,,,,-0.221261365669889
2022-08-31,2022-09-13,-5.796881938764401e-06,0.9703389562388807,0.017178430673839784,221,0.3727386710153703,0.02870614038890698,1.6710572073747225,-0.04158796059000691,-1.3977307181064553,-0.05828578025180084,-1.5173791976599622,-0.08170493125683276,-1.0635300968757706,-0.013590227205536539,0.022910070041989646,-0.06738373170889517,0.029990080395784546,-0.013492438264161022,-4.22,0.176500822368421,0.12190030575668148,-0.548936170212766,0.52,0.5684754521963824,0.3025751072961373,,,,-0.1859402167242116
2022-11-30,2022-12-13,-0.00022510780936230336,0.9411617476023555,0.014770561190293694,221,0.48343578955029776,-0.01575771583088208,-1.0668325751385184,0.007984260871453833,0.31208801778251244,0.032967845007078986,0.9981793048722999,0.09852990020898773,1.4916126194876589,0.02572100535134244,-0.01611751864002649,0.026859921518028712,-0.01642822397296806,-0.008858312995436934,3.15,0.1848455598455598,0.00834473747713882,-0.0835734870317004,0.53,0.6451612903225807,0.0082372322899506,,,,0.0098195349723831
2023-02-28,2023-03-10,0.001008061811681795,0.8628615073774049,0.013838122694985322,221,0.47799544849425835,-0.0207897541155495,-1.502353648236066,-0.02996638396393899,-1.2502490568673348,-0.03823560103072318,-1.2356792167515716,0.03884900728945328,0.627751488206432,0.007754195321760478,-0.024550034368068838,-0.05900660705552994,-0.017802875647014993,-0.03223220631129764,1.44,0.1793018167982498,-0.005543743047310007,0.1482889733840304,0.55,0.6181818181818182,0.0179738562091502,,,,-0.0053990543261805
2023-05-31,2023-06-13,0.0015096488975830141,0.7845802044358204,0.01357925723876991,221,0.3698835888005739,-0.004535043854456355,-0.3339684766784171,0.06469792849619281,2.7507665387353524,0.03254863475310396,1.0719431645341668,-0.0522494831484033,-0.8603813452733663,0.06763934198800703,-0.0036110714902982495,0.031054128327764913,-0.004445630182144722,0.002147242221024248,5.56,0.168581081081081,-0.010720735717168806,0.2644628099173554,0.76,0.4570815450643777,0.0898876404494382,,,,0.051085644442141
2023-08-31,2023-09-12,0.0015850214134315102,0.8344097989824735,0.013459252474353103,221,0.3491226369840802,-0.13196177619584532,-9.804539772717789,-0.10668110411093892,-4.576209881883312,-0.1130117202326087,-3.7550657315602085,-0.13075241581424366,-2.1722698979017383,0.044185298817141776,-0.12972803433989738,-0.10915747041903366,-0.1294684170937742,-0.13495387265248482,3.46,0.0880733944954128,-0.0805076865856682,0.5849056603773584,0.66,0.0691927512355847,-0.044182621502209,,,,0.0638310428706814
2023-11-30,2023-12-12,0.0009409287054950617,1.0188217132745572,0.01530756521912367,221,0.25354666512221813,-0.1299755097149087,-8.490932937690895,-0.1535737463873864,-5.792289142524576,-0.1132418891808099,-3.308384559974915,-0.1431491671754435,-2.091065849759599,-0.021706551078717332,-0.13083682653698697,-0.10813038093269844,-0.12894861492019427,-0.12438122575825361,0.95,0.0542566191446027,-0.0338167753508101,0.138364779874214,0.52,0.0702614379084967,0.0092449922958397,,,,0.0134969161613124
2024-02-29,2024-03-12,0.00023956188164606248,1.1282239980527549,0.01763070958108611,221,0.18813552967866265,0.10512137386567667,5.962401761665275,0.09288260712737045,3.041613156940111,0.11152713578402447,2.828953149071896,0.060911156298396316,0.772524131515631,0.0024589567405848816,0.10470096170023216,0.11852096199550749,0.10674028886117637,0.11749765982761695,2.47,0.0711405065333117,0.01688388738870901,0.2549668874172186,0.49,0.2873194221508828,0.2244274809160305,,,,0.081266429652004
2024-05-31,2024-06-12,-0.0008147197823029829,1.3563573041370776,0.018084395422095834,221,0.23071811422205857,0.12286823342250305,6.794157645567763,0.10486735250384491,3.347924704373753,0.13884244541308194,3.4334700039419417,0.11759947430479764,1.4540735950867212,0.01392379591722338,0.120572290338429,0.13017653363618692,0.1249803269274814,0.1331934693362462,-1.14,0.0325961260479907,-0.03854438048532101,0.2124183006535946,0.42,0.4418262150220913,0.2206982543640898,,,,0.0533816418406533
2024-08-31,2024-09-10,-0.0006345191138626981,1.381252738206138,0.019823038980312367,221,0.2055165156243426,0.10899370360371194,5.498334726171962,0.1194538714063215,3.4791196688196138,0.16672181835973998,3.7612933067932306,0.15852366017866726,1.7881702223035771,0.03592334444355056,0.10520474217547386,0.1643054070814931,0.11001977386613104,0.11437538684899162,4.29,0.0685778527262506,0.0359817266782599,0.1547619047619048,0.45,0.5269645608628659,0.0122574055158324,,,,0.0239093520859353
2024-11-30,2024-12-10,0.0006371281746917315,1.3119620640821426,0.019289672304660603,221,0.2152803457014001,-0.0632947715749062,-3.2812777000682107,-0.08148028846145637,-2.4387488669521957,-0.11156242034858269,-2.586473753352088,-0.1359930935715269,-1.576438401304268,0.04405752447391682,-0.0646866524458856,-0.13692774320516918,-0.06362758722335071,-0.06673675957092451,-0.77,0.0863920871648249,0.0178142344385743,0.1298342541436463,0.52,0.4854961832061069,-0.0181634712411705,,,,-0.0220052451507551
2025-02-28,2025-03-11,0.000612780588978867,1.5762597775345795,0.02044376714911979,221,0.2832490707726014,-0.018492729997105457,-0.9045656733525095,0.018061891717157334,0.5100839766424183,0.014780276733717759,0.3233230281071209,-0.004671071592091249,-0.05109055259482304,-0.021157232911776708,-0.029334116181361128,0.008069719829225531,-0.022670330566092245,-0.030983215387691998,-1.35,0.0640060240963855,-0.02238606306843939,0.1240105540897096,0.49,0.6234413965087282,0.3381294964028776,,,,-0.1292518008875927
2025-05-31,2025-06-12,0.0005960602300414734,1.416449089056513,0.020387125916680612,221,0.4603199903939432,0.12689558735941162,6.224299976270146,0.18577388979826517,5.260996852708681,0.19598799214576623,4.2992079904020315,0.21764507746206407,2.3871397575231197,0.0326165168236987,0.1297168681436193,0.19328676134273992,0.1291468451127855,0.13312139462394512,3.37,0.1131098201161895,0.049103796019804,0.1698113207547169,0.52,0.4075587334014301,0.0583717357910906,,,,-0.2298018644370097
2025-08-31,2025-09-10,0.0019048000150967566,1.4450139435812603,0.02211714641369639,221,0.41530384098257256,0.3534059498882196,15.978822189709222,0.22479351590708174,5.8680534320948805,0.2642956573216409,5.344116685534111,0.14287116628353336,1.4444433014053748,0.03868778045362102,0.3573995261196433,0.2645039786494649,0.3565972179860184,0.35948806691616464,-0.62,0.1216652889456677,0.008555468829478191,0.1134020618556701,0.5538532961931291,3.5943491422805245,2.3040638606676342,,,,-0.30907036844878
2025-11-30,2025-12-11,0.0017054211257629085,1.3806535936161397,0.03434397580486715,221,0.21293708602682204,-0.11325421082829588,-3.297644147892911,-0.1709742836306188,-2.874217278730203,-0.1892649801683029,-2.4645333075065734,-0.151325927236376,-0.9852530236489679,0.05573325228913564,-0.10601631461122883,-0.16918305284933932,-0.11066298149752718,-0.10833590979805685,38.04,0.1421864997510491,0.020521210805381412,0.3007334963325185,0.6758422350041084,4.378211716341212,0.1493520755545794,,,,-0.3897242747570739
2026-02-28,2026-03-11,0.00010962265767860484,1.3223283691590197,0.03544045473048375,221,0.17654763066657586,0.09338415187881505,2.6349591896881503,0.07100632690335963,1.1567436779122184,0.05118925804974878,0.6459435218169629,-0.03501368271397929,-0.22091413692760578,0.008572756187372153,0.09207903104021038,0.04830945456474485,0.09308919994068465,0.09183403708652893,5.69,0.21656050955414,0.07437400980309089,0.307511737089202,0.8431372549019607,3.2442396313364057,0.0559908274412384,20.0,48.0,1.98,-0.4902249993759874
2026-05-31,2026-06-11,-0.0009266314754599691,1.6773048077097992,0.0389563521355356,221,0.09799425018863828,-0.11284510724249867,-2.8967062123756313,-0.10326035820825635,-1.5303639160241491,-0.11832224714292153,-1.358323217438825,-0.3970554792833198,-2.279071303769176,-0.05981640073217642,-0.1307166760227463,-0.13963481704233444,-0.10225968548848241,-0.08526282809365238,7.52,0.2063132742249889,-0.010247235329151089,0.3433179723502304,0.932220367278798,3.629898403483309,0.1545421643141513,28.0,61.0,1.74,-0.3447792262631431
2026-08-31,2026-09-11,-0.0044966181364532185,1.9366017494105703,0.03248838337733617,221,0.19707711968274944,-0.02940396137688137,-0.9050607731190932,-0.07008442270059465,-1.2454685677101103,-0.0025883930177598574,-0.03563010613962672,-0.06821842592924576,-0.46952486346932265,0.09288248929613674,-0.02487207136561334,-0.006755565003478632,-0.02591670385235001,-0.01739240239123374,10.45,0.2960605654562509,0.08974729123126202,0.4768518518518518,1.2073498655512398,0.4583790907094223,0.0407523510971787,32.0,68.0,1.8900000000000001,-0.3004975535970798
