dependent,model,n,variable,coef,robust_t,p_value,r2,max_cooks_d,most_influential_event,single_event_dominates,note
car_1d,EPS surprise,63,eps_surprise_pct,-0.0005356608869132976,-0.21712596930350614,0.8281101761112827,0.0018717152599047049,0.95249053751518,2025-11-30,True,
car_1d,EPS surprise + revenue acceleration,60,eps_surprise_pct,-0.0014423418973934369,-0.649358064702517,0.5161069628198267,0.1069419185844076,0.4677237730551658,2025-11-30,True,
car_1d,EPS surprise + revenue acceleration,60,revenue_accel,0.7111688033803643,2.847159159098465,0.004411130235493201,0.1069419185844076,0.4677237730551658,2025-11-30,True,
car_1d,+ EPS growth,58,eps_surprise_pct,-0.0015390815692180892,-0.6766698737627204,0.49861543493799765,0.08661552199778266,0.33902283817152706,2025-11-30,True,
car_1d,+ EPS growth,58,revenue_accel,0.6377583987288264,2.4885183233218657,0.012827662686920028,0.08661552199778266,0.33902283817152706,2025-11-30,True,
car_1d,+ EPS growth,58,eps_ttm_yoy,-0.003497554077039661,-0.22987542242708417,0.8181885749989386,0.08661552199778266,0.33902283817152706,2025-11-30,True,
car_1d,RPO news (qoq) + OCI growth,17,rpo_qoq,0.15804262003477246,10.237286742117254,1.3496834933825613e-24,0.5518931952127051,0.3293552330436796,2026-08-31,True,
car_1d,RPO news (qoq) + OCI growth,17,oci_growth,-0.11930096416958294,-0.8755529298133982,0.38127312384841616,0.5518931952127051,0.3293552330436796,2026-08-31,True,
car_1d,Guidance (next-Q revenue growth midpoint),3,,,,,,,,,insufficient observations
car_5d,EPS surprise,63,eps_surprise_pct,-0.000540832146209197,-0.13235932172081957,0.8947000880995184,0.0016468722781982637,2.6956455957742653,2025-11-30,True,
car_5d,EPS surprise + revenue acceleration,60,eps_surprise_pct,-0.0013178915562974893,-0.32699674908810517,0.7436703440302367,0.06461771763995217,1.6172338859927113,2025-11-30,True,
car_5d,EPS surprise + revenue acceleration,60,revenue_accel,0.5917084216107242,1.5906409963021708,0.1116903926934076,0.06461771763995217,1.6172338859927113,2025-11-30,True,
car_5d,+ EPS growth,58,eps_surprise_pct,-0.0014321295995724501,-0.343387441290582,0.7313070062085402,0.04908986257520487,1.2314260531278653,2025-11-30,True,
car_5d,+ EPS growth,58,revenue_accel,0.4839247517849274,1.2757448935781082,0.20204571321148868,0.04908986257520487,1.2314260531278653,2025-11-30,True,
car_5d,+ EPS growth,58,eps_ttm_yoy,-0.008108061184100327,-0.4349443134275178,0.6636028483513805,0.04908986257520487,1.2314260531278653,2025-11-30,True,
car_5d,RPO news (qoq) + OCI growth,17,rpo_qoq,0.11249974406764392,1.813012085628458,0.06982995731006873,0.309905298847302,0.5358095645157015,2026-08-31,True,
car_5d,RPO news (qoq) + OCI growth,17,oci_growth,-0.14056179960373866,-0.7279353788510441,0.46665314484475984,0.309905298847302,0.5358095645157015,2026-08-31,True,
car_5d,Guidance (next-Q revenue growth midpoint),3,,,,,,,,,insufficient observations
