,permutation_importance_oos,ridge_std_coef,random_forest_importance
mom_12_1,0.0011131596583549533,-0.000585775218457761,0.23661426472384633
ev_ebitda__rank,0.00016440969814376032,-0.00028806083897211897,0.012427747858342992
oci_growth,0.0001251953139356089,-0.0005351285659329668,0.19216103952006824
drawdown_52w,6.71606831678522e-05,0.000136247039176886,0.012036662501366625
fcf_margin_yoy_change,6.351691161605744e-05,0.00043479141317210554,0.043511472171173855
pe_trailing__rank,6.002387164800575e-05,-0.00024182718276687955,0.004811732431590003
fcf_margin_ttm,3.582923047658315e-05,0.0002130768162615816,0.06211515414131199
revenue_yoy,1.8756674080658528e-05,-0.00014655913056995396,0.020408516219233595
vol_63d,1.6240650215071252e-05,-0.0001741863726960717,0.01288219241986921
smh_ret_3m,9.611908749686808e-07,-0.00025783731959575526,0.011354210934786103
spy_ret_3m,-1.4101056508961635e-05,-0.00028536357702481276,0.05514933517423799
eps_ttm_yoy,-1.7806534782634966e-05,-0.00019097141243725466,0.011965594234150716
qqq_ret_3m,-7.683983978457084e-05,-0.00023529580160669178,0.009015139763695211
rpo_yoy,-0.00010507216231956869,-0.0004846580129700222,0.16394224343436606
beta_252d,-0.00011862428481881153,-0.00011276553524648538,0.14204756660011028
eps_surprise_pct,-0.00020469468303192546,-0.00011974575723838021,0.009557127871850818
