feature,spearman_rho,n_obs,n_effective,p_value_adj
oci_growth,-0.45423108982711563,45,15.0,0.08960712715013552
ev_ebitda__rank,-0.23450379593387652,144,48.0,0.10895104637048725
mom_12_1,-0.22372522600226583,186,62.0,0.08045872805551202
fcf_margin_yoy_change,0.20649247394363557,168,56.0,0.12720472033143082
pe_trailing__rank,-0.17751788441443614,144,48.0,0.22875318618466878
beta_252d,-0.12565399624223153,186,62.0,0.3318994796740764
rpo_yoy,-0.12318020149867964,81,27.0,0.5441578683940675
revenue_yoy,-0.09739123176184117,177,59.0,0.46470176028859367
drawdown_52w,0.08050027661660478,192,64.0,0.5286352589792767
eps_ttm_yoy,-0.07143883267683966,168,56.0,0.6023876565214648
smh_ret_3m,-0.06181035459385974,195,65.0,0.6260340898142378
spy_ret_3m,-0.05598893006845878,195,65.0,0.658982213924395
qqq_ret_3m,-0.04630435838094159,195,65.0,0.7152145723024304
vol_63d,-0.03190535532214472,195,65.0,0.8015757466400741
eps_surprise_pct,-0.026451210224501594,189,63.0,0.8376205668224659
fcf_margin_ttm,0.025596582383369784,180,60.0,0.8467301498896973
