,RPO growth,OCI growth,Cloud growth,Revenue growth,Operating income growth,EPS growth (GAAP),Operating cash flow growth,Capex growth,"FCF margin change (TTM, pp)"
RPO growth,1.0,0.36644890622960313,0.4245392243193845,0.7906403940886699,0.1839080459770115,0.0180623973727422,0.4690749863163656,0.6817733990147783,-0.43004926108374386
OCI growth,0.36644890622960313,1.0,0.8542442059673659,0.8242015803413296,0.23129012088954992,0.3676919870551819,0.5989821079447318,0.2060503950853324,-0.5490564419938498
Cloud growth,0.4245392243193845,0.8542442059673659,1.0,0.8919840085433877,0.10715863494776035,0.3153274585757866,0.6613971484890454,0.06021832969069284,-0.28980071163645926
Revenue growth,0.7906403940886699,0.8242015803413296,0.8919840085433877,1.0,0.46540705751597666,0.27868373418343334,0.42695193109197,0.36451612903225805,-0.13131748131286722
Operating income growth,0.1839080459770115,0.23129012088954992,0.10715863494776035,0.46540705751597666,1.0,0.6750832906498857,0.4206168380105585,0.08502361767157544,0.11796733212341198
EPS growth (GAAP),0.0180623973727422,0.3676919870551819,0.3153274585757866,0.27868373418343334,0.6750832906498857,1.0,0.301303408077936,-0.03623823724700685,0.13439059433955117
Operating cash flow growth,0.4690749863163656,0.5989821079447318,0.6613971484890454,0.42695193109197,0.4206168380105585,0.301303408077936,1.0,0.21944984717977215,0.14525537982888256
Capex growth,0.6817733990147783,0.2060503950853324,0.06021832969069284,0.36451612903225805,0.08502361767157544,-0.03623823724700685,0.21944984717977215,1.0,-0.471900089206066
"FCF margin change (TTM, pp)",-0.43004926108374386,-0.5490564419938498,-0.28980071163645926,-0.13131748131286722,0.11796733212341198,0.13439059433955117,0.14525537982888256,-0.471900089206066,1.0
