,fraction_of_year,end_year,mid_year,revenue_fy,revenue,revenue_growth,oci_revenue,oci_growth,saas_revenue,other_revenue,ebitda_margin,ebitda,dep,amort,d_and_a,ebit,operating_margin,tax_rate,nopat,capex,capex_to_revenue,ppe_end,ppe_to_revenue,nwc,d_nwc,ufcf,ufcf_margin,interest,dividends,net_debt_end,net_income,eps,net_debt_to_ebitda,interest_cover
FY27E (Q2-Q4),0.75,0.75,0.375,91688.285,72343.285,0.361208542415155,40316.35688547799,1.2272999770994968,17660.218695151416,33711.7094193706,0.4728255569332795,34205.754020507964,10982.744582658985,1008.7125000000001,11991.457082658984,22214.29693784898,0.3070678493221448,0.13957964479617183,19113.633261867333,56745.0,0.7843851713396758,173607.25541734102,1.8934507872771424,-30645.081683833567,-187.08168383356679,-25452.827971640116,-0.3518340088045506,3591.966912698712,4637.752814505831,130626.18223305057,16023.031814962707,5.2401619416989265,2.864127380909379,6.18443807467006
FY28E,1.0,1.75,1.25,139642.0,139642.0,0.5230080920370579,85954.15760894411,1.1319921800748056,19628.88314938483,34058.95924167107,0.4728255569332795,66026.30642127701,20749.241747690743,1090.5,21839.741747690743,44186.56467358627,0.31642746934007154,0.14968473359712886,37572.5105118482,95488.31016661253,0.6838079529555043,248346.32383626277,1.7784500639940903,-34089.44090773643,-3444.359223902866,-32631.698683170718,-0.23368111802445338,7038.985148466884,6183.670419341108,175426.90786728688,31587.15398012373,10.330242368904226,2.6569244499001003,6.277405583560616
FY29E,1.0,2.75,2.25,205809.63608879744,205809.63608879744,0.4738376426060744,149665.3306935791,0.7412227035543121,21629.36485014126,34514.94054507709,0.4728255569332795,97312.05580592123,29047.22798737117,799.7,29846.92798737117,67465.12781855007,0.32780354263607925,0.15978982239808592,56684.887026359786,123054.80761499733,0.5979059579207692,342353.903463889,1.6634493407110391,-31696.609423176516,2392.831484559916,-38915.824085826294,-0.18908650161081814,10284.283176339743,6183.670419341108,229167.36176655506,48043.927632259,15.712254959963516,2.354974004696864,6.560022381896474
FY30E,1.0,3.75,3.25,281659.92393349414,281659.92393349414,0.3685458527897634,222949.3708492373,0.4896527460036689,23626.964138864583,35083.58894539222,0.4728255569332795,133176.0103996395,38281.63650036178,508.9,38790.536500361784,94385.47389927771,0.3351043790012672,0.16989491119904296,78349.86219268033,132063.65283616367,0.4688762639421386,436135.9197996909,1.5484486174279868,-43378.263373585156,-11681.65395040864,-3241.6001927129255,-0.011508915245884736,14520.539038404186,6183.670419341108,250646.20572652132,66296.28884476807,21.68149534321082,1.8820672354906334,6.500135680200666
FY31E,1.0,4.75,4.25,357362.28439735045,357362.28439735045,0.2687722108514494,296009.16435416974,0.32769679154796494,25583.195890771556,35769.924152409134,0.4728255569332795,168970.02114712624,46636.648249152684,218.10000000000002,46854.74824915268,122115.27289797357,0.3417128170195874,0.18,100134.52377633833,122760.94246566703,0.34351958173954744,512260.2140162053,1.4334478941449347,-55037.13512340009,-11658.871749814934,35887.20130963893,0.10042246447511516,17069.006609976077,6183.670419341108,234939.26025640388,86137.93835615796,28.170495541851214,1.3904197837072922,7.15421088574672
FY32E,1.0,5.75,5.25,439719.1934730435,439719.1934730435,0.2304577530182803,375682.23124677344,0.26915743323837193,27456.83909758922,36580.12312868087,0.4728255569332795,207910.47254814426,53698.58905191442,0.0,53698.58905191442,154211.88349622983,0.35070537239508426,0.18,126453.74446690847,121184.90164391225,0.27559611552717306,579746.5266082031,1.3184471708618828,-67720.86961650236,-12683.734493102267,71651.1663680129,0.1629475525097937,15999.36362346108,6183.670419341108,182591.24247897018,113334.26629567039,37.06476500772807,0.8782205159804487,9.63862608073344
FY33E,1.0,6.75,6.25,521534.54566135653,521534.54566135653,0.18606272685553948,454807.6995769172,0.210618074928779,29205.234217892747,37521.61186654653,0.4728255569332795,246594.8620122758,59372.24674374301,0.0,59372.24674374301,187222.61526853277,0.35898411107382405,0.18,153522.54452019688,107264.61640133905,0.20567116271332916,627638.8962657992,1.2034464475788311,-80321.19928237723,-12600.329665874873,118230.50452847572,0.22669735976654803,12434.46361281785,6183.670419341108,80740.6685323462,143326.28435768627,46.8733351596365,0.3274223472195736,15.056750423519484
FY34E,1.0,7.75,7.25,593363.2300165516,593363.2300165516,0.13772565010839166,523974.27083709906,0.152078716619186,30785.781504132563,38603.17767531996,0.4728255569332795,280557.2996963056,62622.52281275995,0.0,62622.52281275995,217934.77688354565,0.3672872969858049,0.18,178706.51704450746,80827.29721280921,0.13621891806567551,645843.6706658484,1.088445724295779,-91383.48867102833,-11062.289388651101,171564.03203310928,0.28913829397268787,5498.4395270527675,6183.670419341108,-80130.97266923869,174197.79663232417,56.9695345289208,-0.2856135725428564,39.63575043633542
FY35E,1.0,8.75,8.25,644979.1670862903,644979.1670862903,0.08698876920347587,572986.4879019381,0.09353935830959301,32157.574851048357,39835.10433330371,0.4728255569332795,304962.63388793793,62632.98953214853,0.0,62632.98953214853,242329.6443557894,0.37571701028813026,0.18,198710.30837174732,44641.0648238019,0.06921318873827978,627851.7459575017,0.973445001012727,-99332.82587604086,-7949.337205012533,224651.57028510649,0.3483082582341002,-3381.5270466418647,6183.670419341108,-301371.72471325035,201483.16054999366,65.89292226339803,-0.9882250847295374,
FY36E,1.0,9.75,9.25,667553.4379343104,667553.4379343104,0.03499999999999992,593041.014978506,0.03500000000000003,33283.08997083505,41229.33298496933,0.4728255569332795,315636.32607401576,60557.11083075958,0.0,60557.11083075958,255079.21524325619,0.38211055587186843,0.18,209164.95649947008,36334.266498455756,0.05442900063684666,603628.9016251978,0.9042405706022251,-102809.47478170227,-3476.648905661408,236864.44973743532,0.354824702079871,-12717.886782899133,6183.670419341108,-542481.1711933219,219593.6236614474,71.81575638362743,-1.7186905510556214,
