lag_quarters,corr,n,n_eff,ci_low,ci_high,p_adj
0,0.7906403940886698,29,7.286114584297629,0.12574279964793306,0.9654043963489821,0.026302932876605567
1,0.8013136288998358,28,5.293058418191911,-0.18974097538496473,0.9835647871433034,0.09508693176044192
2,0.7454212454212454,27,5.855087513314217,-0.1948738409082459,0.9717359470841603,0.10385273844426002
3,0.6082051282051281,26,5.810233113909534,-0.4326250477255984,0.9540683570224331,0.23655781851129465
4,0.4176923076923077,25,13.412202851415332,-0.16110467205052614,0.7827017706391299,0.1511220517101466
5,0.36173913043478256,24,5.828798079440303,-0.6563996024702513,0.9128287574072899,0.5239629426390771
6,0.29446640316205536,23,5.6797849678731325,-0.713294469769849,0.9052851923845759,0.6193662872695009
7,0.07735742518351214,22,5.649456344778557,-0.8098626148365565,0.8569250366582972,0.8995990048024829
8,0.031168831168831172,21,5.629546424308415,-0.8266658092429203,0.845418782374899,0.9596766411227131
