,FY25 Q4,FY26 Q1,FY26 Q2,FY26 Q3,FY26 Q4,FY27 Q1
RPO growth,0.4075587334014301,3.5943491422805245,4.378211716341212,3.2442396313364057,3.629898403483309,0.4583790907094223
OCI growth,0.52,0.5538532961931291,0.6758422350041084,0.8431372549019607,0.932220367278798,1.2073498655512398
Revenue growth,0.1131098201161895,0.1216652889456677,0.1421864997510491,0.21656050955414,0.2063132742249889,0.2960605654562509
Operating income growth,0.0902688860435338,0.0716612377850163,0.1210900473933649,0.2537861404313906,0.2004306126443531,0.5730652326397008
Operating cash flow growth,0.0124979444170367,0.0960010771509358,0.584355828220859,0.20529243215911,1.374533051810947,1.8382063882063884
EPS growth (GAAP),0.072072072072072,-0.0194174757281553,0.909090909090909,0.2450980392156863,0.2184873949579833,0.5445544554455446
FCF margin (TTM),-0.0068642310841652,-0.0996306211664238,-0.2160217644263074,-0.3860355509777299,-0.3516434573473084,-0.4001281747635036
Capex / OCF (TTM),1.0189232025359012,1.2730565617163556,1.5911822748475062,2.0519690397210173,1.7407198924226788,1.611844908393694
Operating margin,0.3212601395963025,0.2865469650274688,0.2946195042969236,0.3178592204770215,0.3196934945788157,0.3477901266477126
Gross margin (proxy),0.701880148399673,0.672785742998794,0.6654004234649395,0.6456079115764979,0.6520537948290241,0.6039286637373998
